Date,PLTA,PLTG,PLTR,PLTU,PTIR
2020-09-30,,,9.5,,
2020-10-01,,,9.460000038146973,,
2020-10-02,,,9.199999809265137,,
2020-10-05,,,9.029999732971191,,
2020-10-06,,,9.899999618530273,,
2020-10-07,,,10.0,,
2020-10-08,,,10.0,,
2020-10-09,,,9.949999809265137,,
2020-10-12,,,9.890000343322754,,
2020-10-13,,,9.470000267028809,,
2020-10-14,,,9.34000015258789,,
2020-10-15,,,9.90999984741211,,
2020-10-16,,,9.710000038146973,,
2020-10-19,,,9.569999694824219,,
2020-10-20,,,9.270000457763672,,
2020-10-21,,,9.199999809265137,,
2020-10-22,,,9.680000305175781,,
2020-10-23,,,9.489999771118164,,
2020-10-26,,,9.949999809265137,,
2020-10-27,,,10.949999809265137,,
2020-10-28,,,10.850000381469727,,
2020-10-29,,,10.75,,
2020-10-30,,,10.130000114440918,,
2020-11-02,,,10.539999961853027,,
2020-11-03,,,10.5,,
2020-11-04,,,10.720000267028809,,
2020-11-05,,,11.880000114440918,,
2020-11-06,,,13.829999923706055,,
2020-11-09,,,14.670000076293945,,
2020-11-10,,,14.0,,
2020-11-11,,,15.960000038146973,,
2020-11-12,,,14.579999923706055,,
2020-11-13,,,15.800000190734863,,
2020-11-16,,,15.930000305175781,,
2020-11-17,,,17.850000381469727,,
2020-11-18,,,17.899999618530273,,
2020-11-19,,,18.979999542236328,,
2020-11-20,,,18.149999618530273,,
2020-11-23,,,21.040000915527344,,
2020-11-24,,,23.81999969482422,,
2020-11-25,,,29.049999237060547,,
2020-11-27,,,27.65999984741211,,
2020-11-30,,,27.110000610351562,,
2020-12-01,,,25.670000076293945,,
2020-12-02,,,22.510000228881836,,
2020-12-03,,,24.030000686645508,,
2020-12-04,,,23.850000381469727,,
2020-12-07,,,28.940000534057617,,
2020-12-08,,,28.59000015258789,,
2020-12-09,,,26.6299991607666,,
2020-12-10,,,27.040000915527344,,
2020-12-11,,,27.200000762939453,,
2020-12-14,,,27.239999771118164,,
2020-12-15,,,26.43000030517578,,
2020-12-16,,,25.920000076293945,,
2020-12-17,,,27.229999542236328,,
2020-12-18,,,25.969999313354492,,
2020-12-21,,,28.510000228881836,,
2020-12-22,,,28.040000915527344,,
2020-12-23,,,28.690000534057617,,
2020-12-24,,,27.75,,
2020-12-28,,,25.6299991607666,,
2020-12-29,,,24.65999984741211,,
2020-12-30,,,25.100000381469727,,
2020-12-31,,,23.549999237060547,,
2021-01-04,,,23.3700008392334,,
2021-01-05,,,24.600000381469727,,
2021-01-06,,,23.540000915527344,,
2021-01-07,,,25.0,,
2021-01-08,,,25.200000762939453,,
2021-01-11,,,25.93000030517578,,
2021-01-12,,,26.18000030517578,,
2021-01-13,,,25.5,,
2021-01-14,,,24.920000076293945,,
2021-01-15,,,25.639999389648438,,
2021-01-19,,,26.6200008392334,,
2021-01-20,,,26.34000015258789,,
2021-01-21,,,25.979999542236328,,
2021-01-22,,,32.58000183105469,,
2021-01-25,,,36.22999954223633,,
2021-01-26,,,35.369998931884766,,
2021-01-27,,,39.0,,
2021-01-28,,,35.65999984741211,,
2021-01-29,,,35.18000030517578,,
2021-02-01,,,33.959999084472656,,
2021-02-02,,,31.020000457763672,,
2021-02-03,,,31.760000228881836,,
2021-02-04,,,32.04999923706055,,
2021-02-05,,,34.04999923706055,,
2021-02-08,,,36.04999923706055,,
2021-02-09,,,38.16999816894531,,
2021-02-10,,,35.70000076293945,,
2021-02-11,,,33.11000061035156,,
2021-02-12,,,31.90999984741211,,
2021-02-16,,,27.84000015258789,,
2021-02-17,,,27.079999923706055,,
2021-02-18,,,25.170000076293945,,
2021-02-19,,,29.0,,
2021-02-22,,,28.0,,
2021-02-23,,,26.75,,
2021-02-24,,,26.389999389648438,,
2021-02-25,,,23.959999084472656,,
2021-02-26,,,23.899999618530273,,
2021-03-01,,,24.809999465942383,,
2021-03-02,,,24.479999542236328,,
2021-03-03,,,23.59000015258789,,
2021-03-04,,,24.729999542236328,,
2021-03-05,,,23.950000762939453,,
2021-03-08,,,22.520000457763672,,
2021-03-09,,,24.260000228881836,,
2021-03-10,,,24.75,,
2021-03-11,,,26.729999542236328,,
2021-03-12,,,26.920000076293945,,
2021-03-15,,,26.790000915527344,,
2021-03-16,,,25.610000610351562,,
2021-03-17,,,25.209999084472656,,
2021-03-18,,,23.979999542236328,,
2021-03-19,,,24.31999969482422,,
2021-03-22,,,24.219999313354492,,
2021-03-23,,,23.260000228881836,,
2021-03-24,,,21.8799991607666,,
2021-03-25,,,22.579999923706055,,
2021-03-26,,,22.579999923706055,,
2021-03-29,,,21.729999542236328,,
2021-03-30,,,22.040000915527344,,
2021-03-31,,,23.290000915527344,,
2021-04-01,,,23.06999969482422,,
2021-04-05,,,23.440000534057617,,
2021-04-06,,,23.270000457763672,,
2021-04-07,,,22.899999618530273,,
2021-04-08,,,23.40999984741211,,
2021-04-09,,,24.040000915527344,,
2021-04-12,,,23.34000015258789,,
2021-04-13,,,25.420000076293945,,
2021-04-14,,,23.700000762939453,,
2021-04-15,,,23.149999618530273,,
2021-04-16,,,22.469999313354492,,
2021-04-19,,,21.940000534057617,,
2021-04-20,,,21.780000686645508,,
2021-04-21,,,22.6299991607666,,
2021-04-22,,,22.860000610351562,,
2021-04-23,,,23.40999984741211,,
2021-04-26,,,24.110000610351562,,
2021-04-27,,,23.8799991607666,,
2021-04-28,,,23.850000381469727,,
2021-04-29,,,23.3700008392334,,
2021-04-30,,,23.040000915527344,,
2021-05-03,,,22.299999237060547,,
2021-05-04,,,21.639999389648438,,
2021-05-05,,,21.149999618530273,,
2021-05-06,,,20.09000015258789,,
2021-05-07,,,19.75,,
2021-05-10,,,18.469999313354492,,
2021-05-11,,,20.209999084472656,,
2021-05-12,,,18.889999389648438,,
2021-05-13,,,18.3700008392334,,
2021-05-14,,,20.079999923706055,,
2021-05-17,,,20.459999084472656,,
2021-05-18,,,21.239999771118164,,
2021-05-19,,,20.670000076293945,,
2021-05-20,,,20.610000610351562,,
2021-05-21,,,20.75,,
2021-05-24,,,21.219999313354492,,
2021-05-25,,,21.479999542236328,,
2021-05-26,,,22.1200008392334,,
2021-05-27,,,22.700000762939453,,
2021-05-28,,,22.950000762939453,,
2021-06-01,,,23.059999465942383,,
2021-06-02,,,24.450000762939453,,
2021-06-03,,,23.6299991607666,,
2021-06-04,,,24.030000686645508,,
2021-06-07,,,24.459999084472656,,
2021-06-08,,,24.3799991607666,,
2021-06-09,,,24.170000076293945,,
2021-06-10,,,24.139999389648438,,
2021-06-11,,,24.670000076293945,,
2021-06-14,,,25.0,,
2021-06-15,,,24.40999984741211,,
2021-06-16,,,24.799999237060547,,
2021-06-17,,,25.450000762939453,,
2021-06-18,,,25.3700008392334,,
2021-06-21,,,25.420000076293945,,
2021-06-22,,,25.399999618530273,,
2021-06-23,,,26.270000457763672,,
2021-06-24,,,26.530000686645508,,
2021-06-25,,,26.780000686645508,,
2021-06-28,,,27.3799991607666,,
2021-06-29,,,26.6299991607666,,
2021-06-30,,,26.360000610351562,,
2021-07-01,,,24.719999313354492,,
2021-07-02,,,24.440000534057617,,
2021-07-06,,,24.68000030517578,,
2021-07-07,,,22.889999389648438,,
2021-07-08,,,23.079999923706055,,
2021-07-09,,,23.290000915527344,,
2021-07-12,,,22.950000762939453,,
2021-07-13,,,22.450000762939453,,
2021-07-14,,,21.559999465942383,,
2021-07-15,,,21.469999313354492,,
2021-07-16,,,21.3700008392334,,
2021-07-19,,,21.540000915527344,,
2021-07-20,,,22.18000030517578,,
2021-07-21,,,22.520000457763672,,
2021-07-22,,,22.06999969482422,,
2021-07-23,,,21.809999465942383,,
2021-07-26,,,22.1299991607666,,
2021-07-27,,,21.68000030517578,,
2021-07-28,,,22.559999465942383,,
2021-07-29,,,22.18000030517578,,
2021-07-30,,,21.709999084472656,,
2021-08-02,,,22.100000381469727,,
2021-08-03,,,22.239999771118164,,
2021-08-04,,,22.299999237060547,,
2021-08-05,,,22.520000457763672,,
2021-08-06,,,21.81999969482422,,
2021-08-09,,,22.93000030517578,,
2021-08-10,,,22.920000076293945,,
2021-08-11,,,22.350000381469727,,
2021-08-12,,,24.889999389648438,,
2021-08-13,,,24.899999618530273,,
2021-08-16,,,24.5,,
2021-08-17,,,23.969999313354492,,
2021-08-18,,,25.280000686645508,,
2021-08-19,,,24.15999984741211,,
2021-08-20,,,24.010000228881836,,
2021-08-23,,,24.81999969482422,,
2021-08-24,,,25.100000381469727,,
2021-08-25,,,24.350000381469727,,
2021-08-26,,,24.8700008392334,,
2021-08-27,,,25.709999084472656,,
2021-08-30,,,25.760000228881836,,
2021-08-31,,,26.34000015258789,,
2021-09-01,,,26.200000762939453,,
2021-09-02,,,26.510000228881836,,
2021-09-03,,,26.639999389648438,,
2021-09-07,,,26.700000762939453,,
2021-09-08,,,25.579999923706055,,
2021-09-09,,,26.1299991607666,,
2021-09-10,,,26.280000686645508,,
2021-09-13,,,25.829999923706055,,
2021-09-14,,,26.260000228881836,,
2021-09-15,,,27.079999923706055,,
2021-09-16,,,28.6299991607666,,
2021-09-17,,,28.709999084472656,,
2021-09-20,,,26.549999237060547,,
2021-09-21,,,26.6200008392334,,
2021-09-22,,,27.43000030517578,,
2021-09-23,,,28.770000457763672,,
2021-09-24,,,28.559999465942383,,
2021-09-27,,,27.469999313354492,,
2021-09-28,,,25.34000015258789,,
2021-09-29,,,24.520000457763672,,
2021-09-30,,,24.040000915527344,,
2021-10-01,,,24.329999923706055,,
2021-10-04,,,23.170000076293945,,
2021-10-05,,,23.209999084472656,,
2021-10-06,,,23.579999923706055,,
2021-10-07,,,23.729999542236328,,
2021-10-08,,,23.5,,
2021-10-11,,,23.530000686645508,,
2021-10-12,,,23.690000534057617,,
2021-10-13,,,24.1299991607666,,
2021-10-14,,,24.350000381469727,,
2021-10-15,,,24.0,,
2021-10-18,,,24.260000228881836,,
2021-10-19,,,24.690000534057617,,
2021-10-20,,,24.219999313354492,,
2021-10-21,,,24.780000686645508,,
2021-10-22,,,24.43000030517578,,
2021-10-25,,,25.40999984741211,,
2021-10-26,,,25.520000457763672,,
2021-10-27,,,25.059999465942383,,
2021-10-28,,,25.639999389648438,,
2021-10-29,,,25.8799991607666,,
2021-11-01,,,26.559999465942383,,
2021-11-02,,,25.920000076293945,,
2021-11-03,,,26.1200008392334,,
2021-11-04,,,26.469999313354492,,
2021-11-05,,,26.0,,
2021-11-08,,,26.75,,
2021-11-09,,,24.25,,
2021-11-10,,,22.520000457763672,,
2021-11-11,,,22.989999771118164,,
2021-11-12,,,22.829999923706055,,
2021-11-15,,,23.40999984741211,,
2021-11-16,,,23.1299991607666,,
2021-11-17,,,22.489999771118164,,
2021-11-18,,,21.5,,
2021-11-19,,,21.40999984741211,,
2021-11-22,,,20.649999618530273,,
2021-11-23,,,20.59000015258789,,
2021-11-24,,,21.110000610351562,,
2021-11-26,,,21.030000686645508,,
2021-11-29,,,21.06999969482422,,
2021-11-30,,,20.649999618530273,,
2021-12-01,,,19.3799991607666,,
2021-12-02,,,19.690000534057617,,
2021-12-03,,,18.979999542236328,,
2021-12-06,,,18.799999237060547,,
2021-12-07,,,19.459999084472656,,
2021-12-08,,,19.81999969482422,,
2021-12-09,,,19.209999084472656,,
2021-12-10,,,18.940000534057617,,
2021-12-13,,,18.399999618530273,,
2021-12-14,,,18.639999389648438,,
2021-12-15,,,18.860000610351562,,
2021-12-16,,,18.34000015258789,,
2021-12-17,,,19.059999465942383,,
2021-12-20,,,17.959999084472656,,
2021-12-21,,,18.899999618530273,,
2021-12-22,,,18.8799991607666,,
2021-12-23,,,18.93000030517578,,
2021-12-27,,,18.940000534057617,,
2021-12-28,,,18.56999969482422,,
2021-12-29,,,18.170000076293945,,
2021-12-30,,,18.690000534057617,,
2021-12-31,,,18.209999084472656,,
2022-01-03,,,18.530000686645508,,
2022-01-04,,,18.170000076293945,,
2022-01-05,,,16.959999084472656,,
2022-01-06,,,16.739999771118164,,
2022-01-07,,,16.559999465942383,,
2022-01-10,,,16.5,,
2022-01-11,,,16.889999389648438,,
2022-01-12,,,16.719999313354492,,
2022-01-13,,,16.010000228881836,,
2022-01-14,,,16.010000228881836,,
2022-01-18,,,14.970000267028809,,
2022-01-19,,,14.5600004196167,,
2022-01-20,,,14.619999885559082,,
2022-01-21,,,13.529999732971191,,
2022-01-24,,,13.399999618530273,,
2022-01-25,,,13.0600004196167,,
2022-01-26,,,12.75,,
2022-01-27,,,12.279999732971191,,
2022-01-28,,,12.710000038146973,,
2022-01-31,,,13.710000038146973,,
2022-02-01,,,14.199999809265137,,
2022-02-02,,,13.319999694824219,,
2022-02-03,,,12.449999809265137,,
2022-02-04,,,12.9399995803833,,
2022-02-07,,,12.979999542236328,,
2022-02-08,,,13.149999618530273,,
2022-02-09,,,13.869999885559082,,
2022-02-10,,,13.5600004196167,,
2022-02-11,,,13.130000114440918,,
2022-02-14,,,13.260000228881836,,
2022-02-15,,,14.170000076293945,,
2022-02-16,,,13.970000267028809,,
2022-02-17,,,11.770000457763672,,
2022-02-18,,,11.020000457763672,,
2022-02-22,,,10.479999542236328,,
2022-02-23,,,10.430000305175781,,
2022-02-24,,,11.829999923706055,,
2022-02-25,,,11.470000267028809,,
2022-02-28,,,11.850000381469727,,
2022-03-01,,,12.180000305175781,,
2022-03-02,,,12.0600004196167,,
2022-03-03,,,11.34000015258789,,
2022-03-04,,,10.960000038146973,,
2022-03-07,,,11.109999656677246,,
2022-03-08,,,11.039999961853027,,
2022-03-09,,,11.649999618530273,,
2022-03-10,,,11.869999885559082,,
2022-03-11,,,11.390000343322754,,
2022-03-14,,,10.5,,
2022-03-15,,,10.770000457763672,,
2022-03-16,,,11.789999961853027,,
2022-03-17,,,12.319999694824219,,
2022-03-18,,,12.819999694824219,,
2022-03-21,,,12.59000015258789,,
2022-03-22,,,13.270000457763672,,
2022-03-23,,,13.180000305175781,,
2022-03-24,,,13.390000343322754,,
2022-03-25,,,12.970000267028809,,
2022-03-28,,,13.420000076293945,,
2022-03-29,,,14.199999809265137,,
2022-03-30,,,13.880000114440918,,
2022-03-31,,,13.729999542236328,,
2022-04-01,,,13.829999923706055,,
2022-04-04,,,14.630000114440918,,
2022-04-05,,,13.890000343322754,,
2022-04-06,,,13.0,,
2022-04-07,,,12.84000015258789,,
2022-04-08,,,12.699999809265137,,
2022-04-11,,,12.65999984741211,,
2022-04-12,,,12.460000038146973,,
2022-04-13,,,12.899999618530273,,
2022-04-14,,,12.420000076293945,,
2022-04-18,,,12.149999618530273,,
2022-04-19,,,12.90999984741211,,
2022-04-20,,,12.789999961853027,,
2022-04-21,,,12.329999923706055,,
2022-04-22,,,11.960000038146973,,
2022-04-25,,,12.109999656677246,,
2022-04-26,,,11.119999885559082,,
2022-04-27,,,10.5600004196167,,
2022-04-28,,,10.949999809265137,,
2022-04-29,,,10.399999618530273,,
2022-05-02,,,10.739999771118164,,
2022-05-03,,,10.550000190734863,,
2022-05-04,,,10.979999542236328,,
2022-05-05,,,10.119999885559082,,
2022-05-06,,,9.479999542236328,,
2022-05-09,,,7.460000038146973,,
2022-05-10,,,7.289999961853027,,
2022-05-11,,,6.710000038146973,,
2022-05-12,,,7.340000152587891,,
2022-05-13,,,8.34000015258789,,
2022-05-16,,,8.039999961853027,,
2022-05-17,,,8.359999656677246,,
2022-05-18,,,8.010000228881836,,
2022-05-19,,,8.3100004196167,,
2022-05-20,,,8.079999923706055,,
2022-05-23,,,8.010000228881836,,
2022-05-24,,,7.550000190734863,,
2022-05-25,,,7.960000038146973,,
2022-05-26,,,8.359999656677246,,
2022-05-27,,,8.850000381469727,,
2022-05-31,,,8.680000305175781,,
2022-06-01,,,8.460000038146973,,
2022-06-02,,,9.300000190734863,,
2022-06-03,,,8.9399995803833,,
2022-06-06,,,8.979999542236328,,
2022-06-07,,,9.130000114440918,,
2022-06-08,,,9.180000305175781,,
2022-06-09,,,8.680000305175781,,
2022-06-10,,,8.260000228881836,,
2022-06-13,,,7.639999866485596,,
2022-06-14,,,7.820000171661377,,
2022-06-15,,,8.119999885559082,,
2022-06-16,,,7.670000076293945,,
2022-06-17,,,8.239999771118164,,
2022-06-21,,,8.710000038146973,,
2022-06-22,,,9.010000228881836,,
2022-06-23,,,9.460000038146973,,
2022-06-24,,,10.1899995803833,,
2022-06-27,,,9.619999885559082,,
2022-06-28,,,9.3100004196167,,
2022-06-29,,,9.229999542236328,,
2022-06-30,,,9.069999694824219,,
2022-07-01,,,9.270000457763672,,
2022-07-05,,,10.069999694824219,,
2022-07-06,,,9.800000190734863,,
2022-07-07,,,10.180000305175781,,
2022-07-08,,,10.170000076293945,,
2022-07-11,,,9.5600004196167,,
2022-07-12,,,9.489999771118164,,
2022-07-13,,,9.279999732971191,,
2022-07-14,,,8.899999618530273,,
2022-07-15,,,9.039999961853027,,
2022-07-18,,,9.029999732971191,,
2022-07-19,,,9.34000015258789,,
2022-07-20,,,10.109999656677246,,
2022-07-21,,,10.489999771118164,,
2022-07-22,,,9.84000015258789,,
2022-07-25,,,9.680000305175781,,
2022-07-26,,,9.399999618530273,,
2022-07-27,,,10.020000457763672,,
2022-07-28,,,10.130000114440918,,
2022-07-29,,,10.350000381469727,,
2022-08-01,,,10.470000267028809,,
2022-08-02,,,10.920000076293945,,
2022-08-03,,,11.199999809265137,,
2022-08-04,,,11.319999694824219,,
2022-08-05,,,11.449999809265137,,
2022-08-08,,,9.819999694824219,,
2022-08-09,,,9.25,,
2022-08-10,,,9.59000015258789,,
2022-08-11,,,9.420000076293945,,
2022-08-12,,,9.90999984741211,,
2022-08-15,,,9.90999984741211,,
2022-08-16,,,9.739999771118164,,
2022-08-17,,,9.430000305175781,,
2022-08-18,,,9.149999618530273,,
2022-08-19,,,8.510000228881836,,
2022-08-22,,,8.069999694824219,,
2022-08-23,,,8.010000228881836,,
2022-08-24,,,8.100000381469727,,
2022-08-25,,,8.420000076293945,,
2022-08-26,,,7.940000057220459,,
2022-08-29,,,7.809999942779541,,
2022-08-30,,,7.789999961853027,,
2022-08-31,,,7.71999979019165,,
2022-09-01,,,7.489999771118164,,
2022-09-02,,,7.400000095367432,,
2022-09-06,,,7.28000020980835,,
2022-09-07,,,7.389999866485596,,
2022-09-08,,,7.53000020980835,,
2022-09-09,,,7.789999961853027,,
2022-09-12,,,8.010000228881836,,
2022-09-13,,,7.480000019073486,,
2022-09-14,,,7.630000114440918,,
2022-09-15,,,8.010000228881836,,
2022-09-16,,,7.78000020980835,,
2022-09-19,,,7.860000133514404,,
2022-09-20,,,7.619999885559082,,
2022-09-21,,,7.690000057220459,,
2022-09-22,,,7.369999885559082,,
2022-09-23,,,7.400000095367432,,
2022-09-26,,,7.53000020980835,,
2022-09-27,,,7.630000114440918,,
2022-09-28,,,7.940000057220459,,
2022-09-29,,,8.079999923706055,,
2022-09-30,,,8.130000114440918,,
2022-10-03,,,8.239999771118164,,
2022-10-04,,,8.460000038146973,,
2022-10-05,,,8.420000076293945,,
2022-10-06,,,8.470000267028809,,
2022-10-07,,,8.149999618530273,,
2022-10-10,,,8.0600004196167,,
2022-10-11,,,8.039999961853027,,
2022-10-12,,,8.069999694824219,,
2022-10-13,,,8.079999923706055,,
2022-10-14,,,7.53000020980835,,
2022-10-17,,,7.940000057220459,,
2022-10-18,,,8.15999984741211,,
2022-10-19,,,7.909999847412109,,
2022-10-20,,,8.039999961853027,,
2022-10-21,,,8.289999961853027,,
2022-10-24,,,8.270000457763672,,
2022-10-25,,,8.65999984741211,,
2022-10-26,,,8.569999694824219,,
2022-10-27,,,8.600000381469727,,
2022-10-28,,,8.640000343322754,,
2022-10-31,,,8.789999961853027,,
2022-11-01,,,8.649999618530273,,
2022-11-02,,,8.220000267028809,,
2022-11-03,,,8.079999923706055,,
2022-11-04,,,7.929999828338623,,
2022-11-07,,,7.019999980926514,,
2022-11-08,,,7.210000038146973,,
2022-11-09,,,6.980000019073486,,
2022-11-10,,,7.639999866485596,,
2022-11-11,,,8.40999984741211,,
2022-11-14,,,8.100000381469727,,
2022-11-15,,,8.34000015258789,,
2022-11-16,,,8.0600004196167,,
2022-11-17,,,7.619999885559082,,
2022-11-18,,,7.389999866485596,,
2022-11-21,,,7.190000057220459,,
2022-11-22,,,7.21999979019165,,
2022-11-23,,,7.369999885559082,,
2022-11-25,,,7.28000020980835,,
2022-11-28,,,7.159999847412109,,
2022-11-29,,,7.079999923706055,,
2022-11-30,,,7.5,,
2022-12-01,,,7.860000133514404,,
2022-12-02,,,7.659999847412109,,
2022-12-05,,,7.190000057220459,,
2022-12-06,,,6.989999771118164,,
2022-12-07,,,7.070000171661377,,
2022-12-08,,,7.119999885559082,,
2022-12-09,,,7.110000133514404,,
2022-12-12,,,7.289999961853027,,
2022-12-13,,,7.5,,
2022-12-14,,,7.349999904632568,,
2022-12-15,,,7.010000228881836,,
2022-12-16,,,6.900000095367432,,
2022-12-19,,,6.349999904632568,,
2022-12-20,,,6.309999942779541,,
2022-12-21,,,6.5,,
2022-12-22,,,6.320000171661377,,
2022-12-23,,,6.289999961853027,,
2022-12-27,,,6.0,,
2022-12-28,,,6.070000171661377,,
2022-12-29,,,6.400000095367432,,
2022-12-30,,,6.420000076293945,,
2023-01-03,,,6.389999866485596,,
2023-01-04,,,6.579999923706055,,
2023-01-05,,,6.320000171661377,,
2023-01-06,,,6.400000095367432,,
2023-01-09,,,6.5,,
2023-01-10,,,6.699999809265137,,
2023-01-11,,,6.980000019073486,,
2023-01-12,,,7.010000228881836,,
2023-01-13,,,6.960000038146973,,
2023-01-17,,,7.070000171661377,,
2023-01-18,,,6.900000095367432,,
2023-01-19,,,6.730000019073486,,
2023-01-20,,,7.019999980926514,,
2023-01-23,,,7.380000114440918,,
2023-01-24,,,7.019999980926514,,
2023-01-25,,,7.21999979019165,,
2023-01-26,,,7.239999771118164,,
2023-01-27,,,7.550000190734863,,
2023-01-30,,,7.369999885559082,,
2023-01-31,,,7.78000020980835,,
2023-02-01,,,8.199999809265137,,
2023-02-02,,,8.989999771118164,,
2023-02-03,,,8.40999984741211,,
2023-02-06,,,8.3100004196167,,
2023-02-07,,,8.329999923706055,,
2023-02-08,,,8.220000267028809,,
2023-02-09,,,7.949999809265137,,
2023-02-10,,,7.510000228881836,,
2023-02-13,,,7.610000133514404,,
2023-02-14,,,9.220000267028809,,
2023-02-15,,,10.109999656677246,,
2023-02-16,,,9.710000038146973,,
2023-02-17,,,9.199999809265137,,
2023-02-21,,,8.470000267028809,,
2023-02-22,,,8.359999656677246,,
2023-02-23,,,8.170000076293945,,
2023-02-24,,,8.09000015258789,,
2023-02-27,,,8.029999732971191,,
2023-02-28,,,7.840000152587891,,
2023-03-01,,,7.690000057220459,,
2023-03-02,,,7.96999979019165,,
2023-03-03,,,8.329999923706055,,
2023-03-06,,,8.279999732971191,,
2023-03-07,,,8.279999732971191,,
2023-03-08,,,8.130000114440918,,
2023-03-09,,,7.690000057220459,,
2023-03-10,,,7.349999904632568,,
2023-03-13,,,7.869999885559082,,
2023-03-14,,,7.889999866485596,,
2023-03-15,,,7.900000095367432,,
2023-03-16,,,7.980000019073486,,
2023-03-17,,,7.880000114440918,,
2023-03-20,,,8.079999923706055,,
2023-03-21,,,8.449999809265137,,
2023-03-22,,,8.210000038146973,,
2023-03-23,,,8.329999923706055,,
2023-03-24,,,8.199999809265137,,
2023-03-27,,,8.039999961853027,,
2023-03-28,,,8.0,,
2023-03-29,,,8.220000267028809,,
2023-03-30,,,8.149999618530273,,
2023-03-31,,,8.449999809265137,,
2023-04-03,,,8.380000114440918,,
2023-04-04,,,8.350000381469727,,
2023-04-05,,,7.980000019073486,,
2023-04-06,,,8.09000015258789,,
2023-04-10,,,8.390000343322754,,
2023-04-11,,,8.609999656677246,,
2023-04-12,,,8.329999923706055,,
2023-04-13,,,8.579999923706055,,
2023-04-14,,,8.8100004196167,,
2023-04-17,,,8.800000190734863,,
2023-04-18,,,8.729999542236328,,
2023-04-19,,,8.489999771118164,,
2023-04-20,,,8.149999618530273,,
2023-04-21,,,8.180000305175781,,
2023-04-24,,,8.100000381469727,,
2023-04-25,,,7.739999771118164,,
2023-04-26,,,7.739999771118164,,
2023-04-27,,,7.820000171661377,,
2023-04-28,,,7.75,,
2023-05-01,,,7.78000020980835,,
2023-05-02,,,7.590000152587891,,
2023-05-03,,,7.559999942779541,,
2023-05-04,,,7.380000114440918,,
2023-05-05,,,7.409999847412109,,
2023-05-08,,,7.739999771118164,,
2023-05-09,,,9.550000190734863,,
2023-05-10,,,9.9399995803833,,
2023-05-11,,,9.880000114440918,,
2023-05-12,,,9.5,,
2023-05-15,,,9.520000457763672,,
2023-05-16,,,9.470000267028809,,
2023-05-17,,,10.25,,
2023-05-18,,,11.739999771118164,,
2023-05-19,,,11.710000038146973,,
2023-05-22,,,11.84000015258789,,
2023-05-23,,,12.640000343322754,,
2023-05-24,,,12.229999542236328,,
2023-05-25,,,12.84000015258789,,
2023-05-26,,,13.649999618530273,,
2023-05-30,,,14.710000038146973,,
2023-05-31,,,14.710000038146973,,
2023-06-01,,,14.539999961853027,,
2023-06-02,,,14.520000457763672,,
2023-06-05,,,15.239999771118164,,
2023-06-06,,,15.460000038146973,,
2023-06-07,,,14.6899995803833,,
2023-06-08,,,15.1899995803833,,
2023-06-09,,,15.020000457763672,,
2023-06-12,,,15.649999618530273,,
2023-06-13,,,16.0,,
2023-06-14,,,15.90999984741211,,
2023-06-15,,,16.600000381469727,,
2023-06-16,,,16.299999237060547,,
2023-06-20,,,15.789999961853027,,
2023-06-21,,,14.640000343322754,,
2023-06-22,,,14.050000190734863,,
2023-06-23,,,14.029999732971191,,
2023-06-26,,,13.9399995803833,,
2023-06-27,,,14.609999656677246,,
2023-06-28,,,15.279999732971191,,
2023-06-29,,,15.199999809265137,,
2023-06-30,,,15.329999923706055,,
2023-07-03,,,15.520000457763672,,
2023-07-05,,,15.699999809265137,,
2023-07-06,,,15.130000114440918,,
2023-07-07,,,15.34000015258789,,
2023-07-10,,,16.299999237060547,,
2023-07-11,,,16.489999771118164,,
2023-07-12,,,16.59000015258789,,
2023-07-13,,,16.739999771118164,,
2023-07-14,,,16.399999618530273,,
2023-07-17,,,17.399999618530273,,
2023-07-18,,,18.079999923706055,,
2023-07-19,,,18.049999237060547,,
2023-07-20,,,17.1299991607666,,
2023-07-21,,,16.43000030517578,,
2023-07-24,,,16.31999969482422,,
2023-07-25,,,16.549999237060547,,
2023-07-26,,,16.43000030517578,,
2023-07-27,,,16.149999618530273,,
2023-07-28,,,17.809999465942383,,
2023-07-31,,,19.84000015258789,,
2023-08-01,,,19.989999771118164,,
2023-08-02,,,18.969999313354492,,
2023-08-03,,,18.709999084472656,,
2023-08-04,,,18.200000762939453,,
2023-08-07,,,17.989999771118164,,
2023-08-08,,,17.040000915527344,,
2023-08-09,,,15.25,,
2023-08-10,,,15.40999984741211,,
2023-08-11,,,15.40999984741211,,
2023-08-14,,,15.720000267028809,,
2023-08-15,,,15.369999885559082,,
2023-08-16,,,15.449999809265137,,
2023-08-17,,,14.149999618530273,,
2023-08-18,,,14.399999618530273,,
2023-08-21,,,14.5,,
2023-08-22,,,14.670000076293945,,
2023-08-23,,,15.300000190734863,,
2023-08-24,,,14.140000343322754,,
2023-08-25,,,14.529999732971191,,
2023-08-28,,,14.640000343322754,,
2023-08-29,,,15.399999618530273,,
2023-08-30,,,16.329999923706055,,
2023-08-31,,,14.979999542236328,,
2023-09-01,,,15.180000305175781,,
2023-09-05,,,15.210000038146973,,
2023-09-06,,,15.300000190734863,,
2023-09-07,,,15.210000038146973,,
2023-09-08,,,15.130000114440918,,
2023-09-11,,,15.789999961853027,,
2023-09-12,,,15.59000015258789,,
2023-09-13,,,15.600000381469727,,
2023-09-14,,,15.829999923706055,,
2023-09-15,,,15.329999923706055,,
2023-09-18,,,15.460000038146973,,
2023-09-19,,,15.149999618530273,,
2023-09-20,,,14.739999771118164,,
2023-09-21,,,14.0,,
2023-09-22,,,14.130000114440918,,
2023-09-25,,,14.220000267028809,,
2023-09-26,,,13.960000038146973,,
2023-09-27,,,14.850000381469727,,
2023-09-28,,,15.770000457763672,,
2023-09-29,,,16.0,,
2023-10-02,,,15.880000114440918,,
2023-10-03,,,14.899999618530273,,
2023-10-04,,,15.729999542236328,,
2023-10-05,,,15.8100004196167,,
2023-10-06,,,16.610000610351562,,
2023-10-09,,,17.610000610351562,,
2023-10-10,,,17.799999237060547,,
2023-10-11,,,17.920000076293945,,
2023-10-12,,,17.940000534057617,,
2023-10-13,,,17.360000610351562,,
2023-10-16,,,17.360000610351562,,
2023-10-17,,,17.84000015258789,,
2023-10-18,,,17.200000762939453,,
2023-10-19,,,17.059999465942383,,
2023-10-20,,,16.110000610351562,,
2023-10-23,,,16.200000762939453,,
2023-10-24,,,16.639999389648438,,
2023-10-25,,,15.59000015258789,,
2023-10-26,,,15.289999961853027,,
2023-10-27,,,15.069999694824219,,
2023-10-30,,,14.6899995803833,,
2023-10-31,,,14.800000190734863,,
2023-11-01,,,14.920000076293945,,
2023-11-02,,,17.969999313354492,,
2023-11-03,,,18.889999389648438,,
2023-11-06,,,18.540000915527344,,
2023-11-07,,,18.799999237060547,,
2023-11-08,,,18.489999771118164,,
2023-11-09,,,18.270000457763672,,
2023-11-10,,,19.670000076293945,,
2023-11-13,,,19.709999084472656,,
2023-11-14,,,19.940000534057617,,
2023-11-15,,,19.950000762939453,,
2023-11-16,,,19.770000457763672,,
2023-11-17,,,20.489999771118164,,
2023-11-20,,,21.34000015258789,,
2023-11-21,,,19.799999237060547,,
2023-11-22,,,19.690000534057617,,
2023-11-24,,,19.200000762939453,,
2023-11-27,,,19.079999923706055,,
2023-11-28,,,19.709999084472656,,
2023-11-29,,,19.84000015258789,,
2023-11-30,,,20.049999237060547,,
2023-12-01,,,20.270000457763672,,
2023-12-04,,,18.399999618530273,,
2023-12-05,,,18.299999237060547,,
2023-12-06,,,17.1299991607666,,
2023-12-07,,,17.219999313354492,,
2023-12-08,,,17.770000457763672,,
2023-12-11,,,17.770000457763672,,
2023-12-12,,,17.5,,
2023-12-13,,,17.8700008392334,,
2023-12-14,,,18.209999084472656,,
2023-12-15,,,18.200000762939453,,
2023-12-18,,,17.84000015258789,,
2023-12-19,,,17.950000762939453,,
2023-12-20,,,17.25,,
2023-12-21,,,17.59000015258789,,
2023-12-22,,,17.40999984741211,,
2023-12-26,,,17.68000030517578,,
2023-12-27,,,17.469999313354492,,
2023-12-28,,,17.559999465942383,,
2023-12-29,,,17.170000076293945,,
2024-01-02,,,16.579999923706055,,
2024-01-03,,,16.09000015258789,,
2024-01-04,,,16.25,,
2024-01-05,,,15.979999542236328,,
2024-01-08,,,16.670000076293945,,
2024-01-09,,,16.389999389648438,,
2024-01-10,,,16.790000915527344,,
2024-01-11,,,16.68000030517578,,
2024-01-12,,,16.760000228881836,,
2024-01-16,,,16.530000686645508,,
2024-01-17,,,16.389999389648438,,
2024-01-18,,,16.399999618530273,,
2024-01-19,,,16.780000686645508,,
2024-01-22,,,17.600000381469727,,
2024-01-23,,,17.329999923706055,,
2024-01-24,,,16.75,,
2024-01-25,,,16.459999084472656,,
2024-01-26,,,16.350000381469727,,
2024-01-29,,,17.09000015258789,,
2024-01-30,,,16.739999771118164,,
2024-01-31,,,16.09000015258789,,
2024-02-01,,,16.329999923706055,,
2024-02-02,,,17.020000457763672,,
2024-02-05,,,16.719999313354492,,
2024-02-06,,,21.8700008392334,,
2024-02-07,,,23.600000381469727,,
2024-02-08,,,24.510000228881836,,
2024-02-09,,,24.3799991607666,,
2024-02-12,,,25.049999237060547,,
2024-02-13,,,24.010000228881836,,
2024-02-14,,,25.190000534057617,,
2024-02-15,,,25.40999984741211,,
2024-02-16,,,24.440000534057617,,
2024-02-20,,,23.399999618530273,,
2024-02-21,,,22.739999771118164,,
2024-02-22,,,23.59000015258789,,
2024-02-23,,,22.969999313354492,,
2024-02-26,,,23.559999465942383,,
2024-02-27,,,24.530000686645508,,
2024-02-28,,,24.420000076293945,,
2024-02-29,,,25.079999923706055,,
2024-03-01,,,24.93000030517578,,
2024-03-04,,,24.040000915527344,,
2024-03-05,,,23.809999465942383,,
2024-03-06,,,26.15999984741211,,
2024-03-07,,,26.459999084472656,,
2024-03-08,,,26.040000915527344,,
2024-03-11,,,25.350000381469727,,
2024-03-12,,,24.700000762939453,,
2024-03-13,,,25.0,,
2024-03-14,,,24.43000030517578,,
2024-03-15,,,23.489999771118164,,
2024-03-18,,,24.0,,
2024-03-19,,,23.799999237060547,,
2024-03-20,,,24.56999969482422,,
2024-03-21,,,24.489999771118164,,
2024-03-22,,,24.18000030517578,,
2024-03-25,,,24.510000228881836,,
2024-03-26,,,24.889999389648438,,
2024-03-27,,,24.510000228881836,,
2024-03-28,,,23.010000228881836,,
2024-04-01,,,22.860000610351562,,
2024-04-02,,,22.719999313354492,,
2024-04-03,,,22.700000762939453,,
2024-04-04,,,22.479999542236328,,
2024-04-05,,,22.959999084472656,,
2024-04-08,,,23.0,,
2024-04-09,,,22.809999465942383,,
2024-04-10,,,22.420000076293945,,
2024-04-11,,,22.84000015258789,,
2024-04-12,,,22.670000076293945,,
2024-04-15,,,21.899999618530273,,
2024-04-16,,,21.8799991607666,,
2024-04-17,,,21.309999465942383,,
2024-04-18,,,21.1299991607666,,
2024-04-19,,,20.469999313354492,,
2024-04-22,,,20.969999313354492,,
2024-04-23,,,21.639999389648438,,
2024-04-24,,,21.59000015258789,,
2024-04-25,,,21.709999084472656,,
2024-04-26,,,22.520000457763672,,
2024-04-29,,,22.829999923706055,,
2024-04-30,,,21.969999313354492,,
2024-05-01,,,22.1200008392334,,
2024-05-02,,,22.549999237060547,,
2024-05-03,,,23.329999923706055,,
2024-05-06,,,25.209999084472656,,
2024-05-07,,,21.399999618530273,,
2024-05-08,,,21.559999465942383,,
2024-05-09,,,21.139999389648438,,
2024-05-10,,,20.600000381469727,,
2024-05-13,,,20.940000534057617,,
2024-05-14,,,21.440000534057617,,
2024-05-15,,,21.670000076293945,,
2024-05-16,,,21.649999618530273,,
2024-05-17,,,21.760000228881836,,
2024-05-20,,,21.6200008392334,,
2024-05-21,,,21.239999771118164,,
2024-05-22,,,21.170000076293945,,
2024-05-23,,,20.719999313354492,,
2024-05-24,,,21.010000228881836,,
2024-05-28,,,21.049999237060547,,
2024-05-29,,,20.940000534057617,,
2024-05-30,,,21.729999542236328,,
2024-05-31,,,21.68000030517578,,
2024-06-03,,,21.31999969482422,,
2024-06-04,,,22.100000381469727,,
2024-06-05,,,22.959999084472656,,
2024-06-06,,,23.790000915527344,,
2024-06-07,,,23.309999465942383,,
2024-06-10,,,23.1299991607666,,
2024-06-11,,,23.850000381469727,,
2024-06-12,,,23.770000457763672,,
2024-06-13,,,23.270000457763672,,
2024-06-14,,,23.56999969482422,,
2024-06-17,,,25.020000457763672,,
2024-06-18,,,25.81999969482422,,
2024-06-20,,,25.559999465942383,,
2024-06-21,,,23.84000015258789,,
2024-06-24,,,24.15999984741211,,
2024-06-25,,,24.559999465942383,,
2024-06-26,,,24.100000381469727,,
2024-06-27,,,25.219999313354492,,
2024-06-28,,,25.329999923706055,,
2024-07-01,,,25.8799991607666,,
2024-07-02,,,25.829999923706055,,
2024-07-03,,,25.850000381469727,,
2024-07-05,,,27.229999542236328,,
2024-07-08,,,27.700000762939453,,
2024-07-09,,,27.389999389648438,,
2024-07-10,,,28.420000076293945,,
2024-07-11,,,27.639999389648438,,
2024-07-12,,,28.06999969482422,,
2024-07-15,,,28.670000076293945,,
2024-07-16,,,28.670000076293945,,
2024-07-17,,,28.219999313354492,,
2024-07-18,,,28.639999389648438,,
2024-07-19,,,28.579999923706055,,
2024-07-22,,,28.459999084472656,,
2024-07-23,,,28.809999465942383,,
2024-07-24,,,26.600000381469727,,
2024-07-25,,,26.6299991607666,,
2024-07-26,,,27.18000030517578,,
2024-07-29,,,27.079999923706055,,
2024-07-30,,,26.3700008392334,,
2024-07-31,,,26.889999389648438,,
2024-08-01,,,26.079999923706055,,
2024-08-02,,,24.739999771118164,,
2024-08-05,,,24.09000015258789,,
2024-08-06,,,26.59000015258789,,
2024-08-07,,,26.31999969482422,,
2024-08-08,,,29.280000686645508,,
2024-08-09,,,30.010000228881836,,
2024-08-12,,,29.3799991607666,,
2024-08-13,,,30.389999389648438,,
2024-08-14,,,31.0,,
2024-08-15,,,31.219999313354492,,
2024-08-16,,,32.08000183105469,,
2024-08-19,,,32.5,,
2024-08-20,,,32.31999969482422,,
2024-08-21,,,32.540000915527344,,
2024-08-22,,,31.920000076293945,,
2024-08-23,,,31.780000686645508,,
2024-08-26,,,30.850000381469727,,
2024-08-27,,,30.84000015258789,,
2024-08-28,,,30.360000610351562,,
2024-08-29,,,31.0,,
2024-08-30,,,31.479999542236328,,
2024-09-03,,,30.510000228881836,,
2024-09-04,,,30.59000015258789,,1.5832300186157227
2024-09-05,,,30.15999984741211,,1.5449950695037842
2024-09-06,,,30.329999923706055,,1.5585646629333496
2024-09-09,,,34.599998474121094,,1.999248743057251
2024-09-10,,,34.7599983215332,,2.0201733112335205
2024-09-11,,,34.849998474121094,,2.022710084915161
2024-09-12,,,34.90999984741211,,2.0366592407226562
2024-09-13,,,35.59000015258789,,2.1036179065704346
2024-09-16,,,36.310001373291016,,2.19391131401062
2024-09-17,,,36.45000076293945,,2.2097625732421875
2024-09-18,,,36.380001068115234,,2.205324411392212
2024-09-19,,,36.83000183105469,,2.2576987743377686
2024-09-20,,,37.20000076293945,,2.294095039367676
2024-09-23,,,37.95000076293945,,2.383500337600708
2024-09-24,,,36.900001525878906,,2.261122703552246
2024-09-25,,,37.119998931884766,,2.2788772583007812
2024-09-26,,,37.099998474121094,,2.272536277770996
2024-09-27,,,36.84000015258789,,2.2433691024780273
2024-09-30,,,37.20000076293945,,2.2858517169952393
2024-10-01,,,36.459999084472656,,2.200251340866089
2024-10-02,,,37.4900016784668,,2.3226284980773926
2024-10-03,,,39.2400016784668,,2.5325088500976562
2024-10-04,,,40.0099983215332,,2.6352295875549316
2024-10-07,,,38.88999938964844,,2.4868552684783936
2024-10-08,,,41.45000076293945,,2.8121373653411865
2024-10-09,,,43.130001068115234,,3.041673421859741
2024-10-10,,,43.52000045776367,,3.0911314487457275
2024-10-11,,,43.5099983215332,,3.089229106903076
2024-10-14,,,43.400001525878906,,3.0727436542510986
2024-10-15,,,42.43000030517578,,2.9370505809783936
2024-10-16,,,41.93000030517578,,2.864131212234497
2024-10-17,,,42.0,,2.86920428276062
2024-10-18,,,42.970001220703125,,3.004896640777588
2024-10-21,,,42.70000076293945,,2.9611451625823975
2024-10-22,,,42.939998626708984,,2.9960198402404785
2024-10-23,,,42.59000015258789,,2.952268600463867
2024-10-24,,,43.560001373291016,,3.080352544784546
2024-10-25,,,44.86000061035156,,3.265502691268921
2024-10-28,,,44.970001220703125,,3.283257246017456
2024-10-29,,,44.93000030517578,,3.271843910217285
2024-10-30,,,43.689998626708984,,3.0955703258514404
2024-10-31,,,41.560001373291016,,2.785506248474121
2024-11-01,,,41.91999816894531,,2.838134288787842
2024-11-04,,,41.40999984741211,,2.7715561389923096
2024-11-05,,,51.130001068115234,,4.074586868286133
2024-11-06,,,55.529998779296875,,4.780950546264648
2024-11-07,,,55.880001068115234,,4.818360805511475
2024-11-08,,,58.38999938964844,,5.259679317474365
2024-11-11,,,60.2400016784668,,5.590667724609375
2024-11-12,,,59.849998474121094,,5.525357723236084
2024-11-13,,,60.70000076293945,,5.677536487579346
2024-11-14,,,59.18000030517578,,5.377617359161377
2024-11-15,,,65.7699966430664,,6.594413757324219
2024-11-18,,,61.2599983215332,,5.683243274688721
2024-11-19,,,62.97999954223633,,5.987600803375244
2024-11-20,,,62.119998931884766,,5.835422039031982
2024-11-21,,,61.36000061035156,,5.6889495849609375
2024-11-22,,,64.3499984741211,,6.237428188323975
2024-11-25,,,64.6500015258789,,6.298933506011963
2024-11-26,,,65.73999786376953,,6.513886451721191
2024-11-27,,,66.05000305175781,,6.5696845054626465
2024-11-29,,,67.08000183105469,,6.754836082458496
2024-12-02,,,66.38999938964844,,6.615338325500488
2024-12-03,,,70.95999908447266,,7.541726589202881
2024-12-04,,,69.8499984741211,,7.300142765045166
2024-12-05,,,71.87000274658203,,7.721805095672607
2024-12-06,,,76.33999633789062,,8.667216300964355
2024-12-09,,,72.45999908447266,,7.797260284423828
2024-12-10,,,70.88999938964844,,7.4554924964904785
2024-12-11,,,72.51000213623047,21.246654510498047,7.787115097045898
2024-12-12,,,73.19999694824219,21.575775146484375,7.936758518218994
2024-12-13,,,76.06999969482422,23.273235321044922,8.548008918762207
2024-12-16,,,75.75,23.038150787353516,8.471285820007324
2024-12-17,,,74.38999938964844,22.18699073791504,8.1669282913208
2024-12-18,,,71.51000213623047,20.46845054626465,7.522704601287842
2024-12-19,,,74.20999908447266,22.016756057739258,8.121908187866211
2024-12-20,,,80.55000305175781,25.769981384277344,9.497858047485352
2024-12-23,,,80.69000244140625,25.812990188598633,9.503564834594727
2024-12-24,,,82.37999725341797,26.949050903320312,9.906204223632812
2024-12-26,,,82.13999938964844,26.770526885986328,9.835822105407715
2024-12-27,,,79.08000183105469,24.766189575195312,9.102192878723145
2024-12-30,,,77.18000030517578,23.516515731811523,8.641218185424805
2024-12-31,,,75.62999725341797,22.607667922973633,8.317837715148926
2025-01-02,,,75.19000244140625,22.27496337890625,8.216386795043945
2025-01-03,,,79.88999938964844,25.017744064331055,9.216961860656738
2025-01-06,,,75.91999816894531,22.5914363861084,8.315302848815918
2025-01-07,,,69.98999786376953,19.053409576416016,7.016076564788818
2025-01-08,,,68.2300033569336,18.16078758239746,6.660358428955078
2025-01-10,,,67.26000213623047,17.495378494262695,6.458086967468262
2025-01-13,,,64.9800033569336,16.334970474243164,6.010427474975586
2025-01-14,,,65.91000366210938,16.813743591308594,6.183531284332275
2025-01-15,,,68.13999938964844,17.90111541748047,6.606461524963379
2025-01-16,,,69.23999786376953,18.48537826538086,6.817609786987305
2025-01-17,,,71.7699966430664,19.84865379333496,7.311556339263916
2025-01-21,,,73.06999969482422,20.538406372070312,7.567090034484863
2025-01-22,,,76.87000274658203,22.672584533691406,8.341934204101562
2025-01-23,,,78.9800033569336,23.897911071777344,8.813688278198242
2025-01-24,,,78.9800033569336,23.865449905395508,8.802274703979492
2025-01-27,,,75.44000244140625,21.771848678588867,8.019822120666504
2025-01-28,,,80.2300033569336,24.465940475463867,9.034347534179688
2025-01-29,,,79.76000213623047,24.23872947692871,8.910701751708984
2025-01-30,,,81.22000122070312,25.058317184448242,9.235349655151367
2025-01-31,,,82.48999786376953,25.877904891967773,9.529561996459961
2025-02-03,,,83.73999786376953,26.770526885986328,9.848186492919922
2025-02-04,,,103.83000183105469,39.380828857421875,14.500736236572266
2025-02-05,,,101.36000061035156,37.4576416015625,13.811491966247559
2025-02-06,,,111.27999877929688,44.80959701538086,16.504423141479492
2025-02-07,,,110.8499984741211,44.452545166015625,16.344636917114258
2025-02-10,,,116.6500015258789,49.09417724609375,18.075035095214844
2025-02-11,,,112.62000274658203,45.67787170410156,16.821462631225586
2025-02-12,,,117.38999938964844,49.49180221557617,18.283647537231445
2025-02-13,,,117.91000366210938,49.97868347167969,18.423145294189453
2025-02-14,,,119.16000366210938,50.98491668701172,18.76744842529297
2025-02-18,,,124.62000274658203,55.594093322753906,20.499116897583008
2025-02-19,,,112.05999755859375,44.460662841796875,16.404239654541016
2025-02-20,,,106.2699966430664,39.737884521484375,14.678277969360352
2025-02-21,,,101.3499984741211,36.07001876831055,13.313741683959961
2025-02-24,,,90.68000030517578,28.474624633789062,10.502238273620605
2025-02-25,,,87.83999633789062,26.6650390625,9.795241355895996
2025-02-26,,,89.30999755859375,27.541427612304688,10.151593208312988
2025-02-27,,,84.7699966430664,24.741844177246094,9.125655174255371
2025-02-28,,,84.91999816894531,24.749958038330078,9.156723976135254
2025-03-03,,,83.41999816894531,23.970945358276367,8.849196434020996
2025-03-04,,,84.4000015258789,24.457826614379883,9.022933959960938
2025-03-05,,,90.12999725341797,27.825443267822266,10.277774810791016
2025-03-06,,,80.45999908447266,21.869226455688477,8.063572883605957
2025-03-07,,,84.91000366210938,24.214385986328125,8.935430526733398
2025-03-10,,,76.37999725341797,19.30496597290039,7.142257213592529
2025-03-11,,,78.05000305175781,20.140783309936523,7.45485782623291
2025-03-12,,,83.6500015258789,23.07832145690918,8.514402389526367
2025-03-13,,,79.62000274658203,20.814308166503906,7.685662746429443
2025-03-14,,,86.23999786376953,24.25495719909668,8.960794448852539
2025-03-17,,,87.3499984741211,24.879793167114258,9.190963745117188
2025-03-18,,,83.88999938964844,22.883567810058594,8.459238052368164
2025-03-19,,,86.0999984741211,24.1088924407959,8.89484977722168
2025-03-20,,,87.38999938964844,24.831106185913086,9.149748802185059
2025-03-21,,,90.95999908447266,26.851675033569336,9.915715217590332
2025-03-24,,,96.75,30.235519409179688,11.163581848144531
2025-03-25,,,96.5,30.058090209960938,11.106513977050781
2025-03-26,,,92.27999877929688,27.445402145385742,10.130667686462402
2025-03-27,,,90.08999633789062,26.078018188476562,9.627209663391113
2025-03-28,,,85.8499984741211,23.57927894592285,8.724916458129883
2025-03-31,,,84.4000015258789,22.846752166748047,8.431339263916016
2025-04-01,,,84.68000030517578,22.96070098876953,8.472554206848145
2025-04-02,,,87.44999694824219,24.442035675048828,9.018495559692383
2025-04-03,,,83.5999984741211,22.342121124267578,8.240480422973633
2025-04-04,,,74.01000213623047,17.157445907592773,6.333807468414307
2025-04-07,,,77.83999633789062,18.89923667907715,7.001491546630859
2025-04-08,,,77.31999969482422,18.67133903503418,6.896235466003418
2025-04-09,,,92.01000213623047,25.671056747436523,9.506734848022461
2025-04-10,,,88.58999633789062,23.823455810546875,8.804177284240723
2025-04-11,,,88.55000305175781,23.766483306884766,8.775644302368164
2025-04-14,,,92.62000274658203,25.996625900268555,9.598676681518555
2025-04-15,,,98.4000015258789,29.219751358032227,10.779330253601074
2025-04-16,,,92.70999908447266,25.866397857666016,9.55112075805664
2025-04-17,,,93.77999877929688,26.37102699279785,9.736906051635742
2025-04-21,,,90.80000305175781,24.72690773010254,9.124385833740234
2025-04-22,,,93.98999786376953,26.41986083984375,9.755928039550781
2025-04-23,,,100.81999969482422,30.21272850036621,11.156606674194336
2025-04-24,,,107.77999877929688,34.412559509277344,12.703758239746094
2025-04-25,,14.029580116271973,112.77999877929688,37.611270904541016,13.89455795288086
2025-04-28,,14.481070518493652,114.6500015258789,38.864707946777344,14.352995872497559
2025-04-29,,14.850314140319824,116.08000183105469,39.80072021484375,14.693495750427246
2025-04-30,,15.42088794708252,118.44000244140625,41.41228103637695,15.30411434173584
2025-05-01,,14.858025550842285,116.19999694824219,39.833274841308594,14.704275131225586
2025-05-02,,16.86787986755371,124.27999877929688,45.34351348876953,16.7383975982666
2025-05-05,,16.79163360595703,123.7699966430664,45.10747528076172,16.65723419189453
2025-05-06,,12.71709156036377,108.86000061035156,34.06257629394531,12.566163063049316
2025-05-07,,13.06320571899414,110.4800033569336,35.104393005371094,12.955487251281738
2025-05-08,,15.112469673156738,119.1500015258789,40.5902214050293,14.97819709777832
2025-05-09,,14.641276359558105,117.30000305175781,39.30422592163086,14.524197578430176
2025-05-12,,14.949694633483887,118.45999908447266,40.06117630004883,14.791777610778809
2025-05-13,,17.391334533691406,128.10000610351562,46.564395904541016,17.186691284179688
2025-05-14,,17.99103546142578,130.17999267578125,48.03759765625,17.737070083618164
2025-05-15,,17.271394729614258,128.1199951171875,46.491146087646484,17.186691284179688
2025-05-16,,17.759721755981445,129.52000427246094,47.47598648071289,17.55318832397461
2025-05-19,,16.783065795898438,126.33000183105469,45.18073272705078,16.667381286621094
2025-05-20,,16.645992279052734,125.58999633789062,44.692378997802734,16.496179580688477
2025-05-21,,15.275245666503906,120.58000183105469,41.02159881591797,15.155738830566406
2025-05-22,,15.797842979431152,122.29000091552734,42.23434066772461,15.602128982543945
2025-05-23,,15.977752685546875,123.30999755859375,42.901756286621094,15.832300186157227
2025-05-27,,15.969184875488281,123.38999938964844,42.91803741455078,15.840543746948242
2025-05-28,,16.123394012451172,123.76000213623047,43.19476318359375,15.93248462677002
2025-05-29,,15.686469078063965,122.31999969482422,42.120391845703125,15.565986633300781
2025-05-30,,18.093841552734375,131.77999877929688,48.63175964355469,17.950122833251953
2025-06-02,,18.051006317138672,132.0399932861328,48.77826690673828,18.010360717773438
2025-06-03,,18.333721160888672,133.1699981689453,49.56776428222656,18.323593139648438
2025-06-04,,17.605512619018555,130.00999450683594,47.223670959472656,17.454906463623047
2025-06-05,,14.881156921386719,119.91000366210938,39.93095016479492,14.73788070678711
2025-06-06,,16.705961227416992,127.72000122070312,45.050506591796875,16.640750885009766
2025-06-09,,17.811126708984375,132.05999755859375,48.06201171875,17.742143630981445
2025-06-10,,17.982467651367188,132.80999755859375,48.639888763427734,17.964706420898438
2025-06-11,,18.96769142150879,136.38999938964844,51.22816467285156,18.91391944885254
2025-06-12,,18.753511428833008,135.19000244140625,50.332847595214844,18.577224731445312
2025-06-13,,19.258974075317383,137.39999389648438,51.871158599853516,19.11809539794922
2025-06-16,,20.458375930786133,141.41000366210938,54.95591354370117,20.274019241333008
2025-06-17,,19.533123016357422,138.1999969482422,52.530433654785156,19.37045669555664
2025-06-18,,19.970048904418945,139.9600067138672,53.76759338378906,19.837139129638672
2025-06-20,,19.318944931030273,137.3000030517578,51.838600158691406,19.10984992980957
2025-06-23,,19.935781478881836,139.9199981689453,53.621089935302734,19.781339645385742
2025-06-24,,20.681123733520508,143.22999572753906,56.10490798950195,20.686803817749023
2025-06-25,,20.775362014770508,142.89999389648438,55.892269134521484,20.615785598754883
2025-06-26,,21.14375114440918,144.25,56.97184371948242,21.0120849609375
2025-06-27,,17.228559494018555,130.74000549316406,46.323360443115234,17.050363540649414
2025-06-30,,18.6250057220459,136.32000732421875,50.23270797729492,18.498600006103516
2025-07-01,,17.117185592651367,130.67999267578125,46.045291900634766,16.96539878845215
2025-07-02,,17.43416976928711,132.1199951171875,47.01035690307617,17.324920654296875
2025-07-03,,17.973901748657227,134.36000061035156,48.53156661987305,17.887348175048828
2025-07-07,,19.250408172607422,139.1199951171875,51.94202423095703,19.138383865356445
2025-07-08,,19.438886642456055,139.7100067138672,52.3673095703125,19.292465209960938
2025-07-09,,20.32130241394043,143.1300048828125,54.86994934082031,20.230266571044922
2025-07-10,,20.149959564208984,142.5,54.436492919921875,20.06857681274414
2025-07-11,,20.021453857421875,142.10000610351562,54.09299087524414,19.9354190826416
2025-07-14,,22.00046730041504,149.14999389648438,59.4254150390625,21.875699996948242
2025-07-15,,21.803422927856445,148.5800018310547,58.91834259033203,21.704498291015625
2025-07-16,,22.49736213684082,150.91000366210938,60.799407958984375,22.389305114746094
2025-07-17,,23.439748764038086,153.99000549316406,63.26933670043945,23.311887741088867
2025-07-18,,23.251270294189453,153.52000427246094,62.86040496826172,23.169219970703125
2025-07-21,,22.720108032226562,151.7899932861328,61.40462875366211,22.617572784423828
2025-07-22,,21.897659301757812,149.07000732421875,59.2291259765625,21.83765411376953
2025-07-23,,23.525419235229492,154.6300048828125,63.53105545043945,23.445043563842773
2025-07-24,,23.72246551513672,154.86000061035156,63.710975646972656,23.483089447021484
2025-07-25,,24.767658233642578,158.8000030517578,66.9987564086914,24.671985626220703
2025-07-28,,24.459239959716797,157.8800048828125,66.14818572998047,24.38665008544922
2025-07-29,,23.996614456176758,156.24000549316406,64.8150863647461,23.85402488708496
2025-07-30,,24.664854049682617,158.61000061035156,66.77793884277344,24.56736183166504
2025-07-31,,24.578323364257812,158.35000610351562,66.48351287841797,24.510295867919922
2025-08-01,,23.313812255859375,154.27000427246094,63.015804290771484,23.21677589416504
2025-08-04,,25.127479553222656,160.66000366210938,68.24189758300781,25.11901092529297
2025-08-05,,29.22258186340332,173.27000427246094,78.890380859375,29.0566349029541
2025-08-06,,31.184463500976562,179.5399932861328,84.6399154663086,31.16811752319336
2025-08-07,,32.10371780395508,182.1999969482422,87.08529663085938,32.071678161621094
2025-08-08,,33.780311584472656,186.9600067138672,91.55897521972656,33.755157470703125
2025-08-11,,32.199668884277344,182.67999267578125,87.31430053710938,32.14776611328125
2025-08-12,,33.69464111328125,186.97000122070312,91.28907775878906,33.641021728515625
2025-08-13,,32.880760192871094,184.3699951171875,88.81915283203125,32.72795104980469
2025-08-14,,31.689926147460938,181.02000427246094,85.5804443359375,31.539052963256836
2025-08-15,,30.16325569152832,177.1699981689453,81.84284210205078,30.159931182861328
2025-08-18,,29.12834358215332,174.02999877929688,78.939453125,29.10419273376465
2025-08-19,,23.679628372192383,157.75,64.1689682006836,23.644779205322266
2025-08-20,,23.148466110229492,156.00999450683594,62.688655853271484,23.102642059326172
2025-08-21,,23.157033920288086,156.17999267578125,62.76226043701172,23.150197982788086
2025-08-22,,23.91094207763672,158.74000549316406,64.7823715209961,23.873046875
2025-08-25,,23.414047241210938,157.1699981689453,63.457435607910156,23.41651153564453
2025-08-26,,24.484943389892578,160.8699951171875,66.377197265625,24.47224998474121
2025-08-27,,23.251270294189453,156.72000122070312,63.03215026855469,23.245309829711914
2025-08-28,,23.629940032958984,158.1199951171875,64.04629516601562,23.63526725769043
2025-08-29,,23.19986915588379,156.7100067138672,62.852230072021484,23.17873191833496
2025-09-02,,23.276973724365234,157.08999633789062,63.13847732543945,23.292865753173828
2025-09-03,,22.702974319458008,154.89999389648438,61.388267517089844,22.62708282470703
2025-09-04,,22.95998764038086,156.13999938964844,62.33697509765625,22.988508224487305
2025-09-05,,22.060436248779297,153.11000061035156,59.8915901184082,22.0754337310791
2025-09-08,,22.917152404785156,156.10000610351562,62.13251876831055,22.94095230102539
2025-09-09,,24.656286239624023,162.36000061035156,67.0969009399414,24.748075485229492
2025-09-10,28.07514190673828,26.044164657592773,166.74000549316406,70.69547271728516,26.098661422729492
2025-09-11,27.3160343170166,25.401628494262695,164.36000061035156,68.74897003173828,25.337766647338867
2025-09-12,29.423568725585938,27.43204689025879,171.42999267578125,74.55574798583984,27.496803283691406
2025-09-15,29.44331169128418,27.354942321777344,171.2100067138672,74.31857299804688,27.42071533203125
2025-09-16,29.136314392089844,27.020822525024414,170.25999450683594,73.4189224243164,27.08782386779785
2025-09-17,28.459136962890625,26.446823120117188,168.3300018310547,71.86500549316406,26.479108810424805
2025-09-18,31.364280700683594,29.094074249267578,176.97000122070312,79.05394744873047,29.1707706451416
2025-09-19,33.34250259399414,30.850341796875,182.38999938964844,83.87930297851562,30.93033790588379
2025-09-22,32.20137023925781,29.847984313964844,179.3300018310547,81.14766693115234,29.912643432617188
2025-09-23,33.28425979614258,30.87604522705078,182.5500030517578,84.071533203125,30.98740577697754
2025-09-24,32.171756744384766,29.898529052734375,179.55999755859375,81.3052749633789,29.969709396362305
2025-09-25,31.9999942779541,29.71091079711914,179.1199951171875,80.83738708496094,29.78899574279785
2025-09-26,31.452133178710938,29.196022033691406,177.57000732421875,79.30239868164062,29.24686050415039
2025-09-29,31.825273513793945,29.599536895751953,178.86000061035156,80.54187774658203,29.693883895874023
2025-09-30,33.077945709228516,30.627595901489258,182.4199981689453,83.60364532470703,30.863759994506836
2025-10-01,34.01671600341797,31.60596466064453,184.9499969482422,85.86920166015625,31.68172264099121
2025-10-02,34.721527099609375,32.2664909362793,187.0500030517578,87.83924102783203,32.40456771850586
2025-10-03,29.685161590576172,27.457746505737305,173.07000732421875,74.84517669677734,27.610939025878906
2025-10-06,31.731494903564453,29.453895568847656,179.52999877929688,80.08219909667969,29.60828399658203
2025-10-07,32.62287902832031,30.310611724853516,182.1699981689453,82.56937408447266,30.426244735717773
2025-10-08,33.10854721069336,30.79208755493164,183.55999755859375,83.74319458007812,30.882783889770508
2025-10-09,33.77980422973633,31.37807846069336,185.47000122070312,85.549072265625,31.539052963256836
2025-10-10,30.21821403503418,27.997478485107422,175.44000244140625,76.27345275878906,28.105518341064453
2025-10-13,30.766075134277344,28.554344177246094,177.2100067138672,77.76739501953125,28.676189422607422
2025-10-14,31.578489303588867,29.373363494873047,179.74000549316406,79.88519287109375,29.46561622619629
2025-10-15,31.387971878051758,29.237144470214844,179.6199951171875,79.85236358642578,29.44659423828125
2025-10-16,30.918092727661133,28.81992530822754,178.1199951171875,78.49795532226562,28.923479080200195
2025-10-17,30.963502883911133,28.782230377197266,178.14999389648438,78.47333526611328,28.93299102783203
2025-10-20,32.146087646484375,29.863407135009766,181.58999633789062,81.35452270507812,30.01726531982422
2025-10-21,32.13029861450195,29.853124618530273,181.50999450683594,81.2806396484375,30.007753372192383
2025-10-22,29.99907112121582,27.886104583740234,175.49000549316406,75.96973419189453,28.0389404296875
2025-10-23,31.672264099121094,29.3939266204834,180.47999572753906,80.15607452392578,29.57975196838379
2025-10-24,33.097686767578125,30.696134567260742,184.6300048828125,83.75961303710938,30.892292022705078
2025-10-27,34.75706481933594,32.28962326049805,189.17999267578125,87.85565185546875,32.41408157348633
2025-10-28,34.87059020996094,32.393287658691406,189.60000610351562,88.39741516113281,32.537723541259766
2025-10-29,38.13800811767578,35.373802185058594,198.80999755859375,96.798828125,35.71445846557617
2025-10-30,36.60597229003906,33.97735595703125,194.5500030517578,92.71509552001953,34.173648834228516
2025-10-31,38.804325103759766,36.03347396850586,200.47000122070312,98.2558364868164,36.24708557128906
2025-11-03,41.390621185302734,38.50938415527344,207.17999267578125,105.07710266113281,38.78656768798828
2025-11-04,34.33259582519531,32.238224029541016,190.74000549316406,88.10192108154297,32.509193420410156
2025-11-05,33.53400421142578,31.295833587646484,187.89999389648438,85.38489532470703,31.54856300354004
2025-11-06,29.118545532226562,27.055089950561523,175.0500030517578,73.79448699951172,27.249513626098633
2025-11-07,30.02276039123535,27.877538681030273,177.92999267578125,76.14212036132812,28.134052276611328
2025-11-10,35.24273681640625,32.79508590698242,193.61000061035156,89.53839874267578,33.03230667114258
2025-11-11,34.40663146972656,31.809865951538086,190.9600067138672,87.05943298339844,32.11923599243164
2025-11-12,31.84797477722168,29.633806228637695,184.1699981689453,80.86200714111328,29.86033058166504
2025-11-13,27.678312301635742,25.744314193725586,172.13999938964844,70.27303314208984,25.946483612060547
2025-11-14,28.20050811767578,26.20265769958496,174.00999450683594,71.6684799194336,26.479108810424805
2025-11-17,27.287405014038086,25.41876220703125,171.25,69.3126449584961,25.61359214782715
2025-11-18,26.11370277404785,24.176525115966797,167.3300018310547,66.20983123779297,24.44371795654297
2025-11-19,25.468114852905273,23.671062469482422,165.4199981689453,64.63378143310547,23.901578903198242
2025-11-20,22.37837791442871,20.912437438964844,155.7449951171875,57.05733871459961,21.095783233642578
2025-11-21,22.15923500061035,20.6468563079834,154.85000610351562,56.31035614013672,20.83898162841797
2025-11-24,24.319087982177734,22.608734130859375,162.25,61.71156311035156,22.82681655883789
2025-11-25,24.789953231811523,22.9514217376709,163.5500030517578,62.639122009277344,23.169219970703125
2025-11-26,25.322019577026367,23.533987045288086,165.77000427246094,64.23978424072266,23.758913040161133
2025-11-28,25.91232681274414,24.296464920043945,168.4499969482422,66.36578369140625,24.538827896118164
2025-12-01,25.72477149963379,23.988046646118164,167.49000549316406,65.49568176269531,24.23447036743164
2025-12-02,26.7701473236084,24.879032135009766,170.69000244140625,67.90898132324219,25.147544860839844
2025-12-03,28.456174850463867,26.395418167114258,176.0800018310547,72.25949096679688,26.74542236328125
2025-12-04,28.93790054321289,27.01225471496582,177.9199981689453,73.7862777709961,27.30657958984375
2025-12-05,30.245853424072266,28.134552001953125,181.75999450683594,76.81521606445312,28.447921752929688
2025-12-08,30.137269973754883,28.040313720703125,181.49000549316406,76.62641906738281,28.343297958374023
2025-12-09,30.21623992919922,28.12255859375,181.83999633789062,76.84805297851562,28.43840980529785
2025-12-10,32.25763702392578,29.967924118041992,187.91000366210938,83.05361938476562,30.34064483642578
2025-12-11,32.009864807128906,29.86511993408203,187.5399932861328,82.65875244140625,30.21700096130371
2025-12-12,30.69993782043457,28.555200576782227,183.57000732421875,79.1196060180664,28.913969039916992
2025-12-15,30.561737060546875,28.442970275878906,183.25,78.7790298461914,28.837879180908203
2025-12-16,32.040470123291016,29.822284698486328,187.75,82.65875244140625,30.21700096130371
2025-12-17,28.494672775268555,26.535921096801758,177.2899932861328,73.49747467041016,26.888090133666992
2025-12-18,31.188570022583008,29.022109985351562,185.69000244140625,80.2894515991211,29.360994338989258
2025-12-19,33.76499557495117,31.381507873535156,193.3800048828125,86.89385223388672,31.814878463745117
2025-12-22,33.92194747924805,31.577695846557617,193.97999572753906,87.43682098388672,31.9860782623291
2025-12-23,33.94465255737305,31.595685958862305,194.1300048828125,87.46463775634766,32.014610290527344
2025-12-24,33.94465255737305,31.61624526977539,194.1699981689453,87.54412078857422,32.00510025024414
2025-12-26,32.05630111694336,29.788015365600586,188.7100067138672,82.52711486816406,30.21700096130371
2025-12-29,30.455026626586914,28.38300132751465,184.17999267578125,78.52345275878906,28.729999542236328
2025-12-30,29.380224227905273,27.170000076293945,180.83999633789062,75.64241027832031,27.700000762939453
2025-12-31,28.387868881225586,26.170000076293945,177.75,73.05940246582031,26.729999542236328
2026-01-02,25.20319938659668,23.280000686645508,167.86000061035156,64.92292022705078,23.75
2026-01-05,27.009105682373047,25.059999465942383,174.0399932861328,69.57233428955078,25.5
2026-01-06,28.780241012573242,26.600000381469727,179.7100067138672,74.03298950195312,27.110000610351562
2026-01-07,29.333538055419922,27.18000030517578,181.67999267578125,75.70201110839844,27.709999084472656
2026-01-08,27.793848037719727,25.709999084472656,176.86000061035156,71.68842315673828,26.229999542236328
2026-01-09,27.952783584594727,25.829999923706055,177.49000549316406,72.05599975585938,26.399999618530273
2026-01-12,28.558725357055664,26.40999984741211,179.41000366210938,73.6852798461914,26.959999084472656
2026-01-13,28.419658660888672,26.260000228881836,178.9600067138672,73.21835327148438,26.81999969482422
2026-01-14,28.191186904907227,26.100000381469727,178.39999389648438,72.7911605834961,26.670000076293945
2026-01-15,27.764049530029297,25.68000030517578,177.07000732421875,71.648681640625,26.239999771118164
2026-01-16,25.841920852661133,23.90999984741211,170.9600067138672,66.72109985351562,24.440000534057617
2026-01-20,25.101879119873047,23.219999313354492,168.52999877929688,64.7838363647461,23.739999771118164
2026-01-21,24.085683822631836,22.34000015258789,165.3300018310547,62.33991241455078,22.84000015258789
2026-01-22,24.287334442138672,22.429000854492188,165.89999389648438,62.707496643066406,22.969999313354492
2026-01-23,25.32041358947754,23.440000534057617,169.60000610351562,65.37991333007812,23.959999084472656
2026-01-26,24.704540252685547,22.836000442504883,167.47000122070312,63.74070358276367,23.360000610351562
2026-01-27,24.138330459594727,22.260000228881836,165.6999969482422,62.34984588623047,22.860000610351562
2026-01-28,21.67483139038086,20.170000076293945,157.35000610351562,56.081085205078125,20.559999465942383
2026-01-29,20.214611053466797,18.709999084472656,151.86000061035156,51.84892654418945,19.100000381469727
2026-01-30,18.7325382232666,17.34000015258789,146.58999633789062,48.5605583190918,17.799999237060547
2026-02-02,19.072263717651367,17.780000686645508,147.75999450683594,49.295719146728516,18.09000015258789
2026-02-03,21.654964447021484,20.34000015258789,157.8800048828125,55.932064056396484,20.530000686645508
2026-02-04,16.608760833740234,15.300000190734863,139.5399932861328,42.86800765991211,15.75
2026-02-05,14.30419635772705,13.300000190734863,130.00999450683594,36.9866943359375,13.59000015258789
2026-02-06,15.605481147766113,14.460000038146973,135.89999389648438,40.38434600830078,14.829999923706055
2026-02-09,17.194835662841797,15.949999809265137,142.91000366210938,44.546958923339844,16.350000381469727
2026-02-10,16.360424041748047,15.180000305175781,139.50999450683594,42.33153533935547,15.5600004196167
2026-02-11,15.456480026245117,14.350000381469727,135.67999267578125,40.01675796508789,14.6899995803833
2026-02-12,13.98632526397705,12.949999809265137,129.1300048828125,36.20185470581055,13.300000190734863
2026-02-13,14.41346549987793,13.390000343322754,131.41000366210938,37.374141693115234,13.739999771118164
2026-02-17,14.790937423706055,13.75,133.02000427246094,38.298065185546875,14.069999694824219
2026-02-18,15.26377010345459,14.1899995803833,135.3800048828125,39.59950637817383,14.539999961853027
2026-02-19,15.198208808898926,14.09000015258789,134.88999938964844,39.34120178222656,14.449999809265137
2026-02-20,15.241915702819824,14.140000343322754,135.24000549316406,39.529964447021484,14.510000228881836
2026-02-23,14.165128707885742,13.170000076293945,130.60000610351562,36.797935485839844,13.510000228881836
2026-02-24,13.777722358703613,12.770000457763672,128.83999633789062,35.764732360839844,13.149999618530273
2026-02-25,14.881331443786621,13.850000381469727,134.19000244140625,38.71532440185547,14.229999542236328
2026-02-26,15.317410469055176,14.229999542236328,135.94000244140625,39.6988525390625,14.59000015258789
2026-02-27,15.585614204406738,14.470000267028809,137.19000244140625,40.40420913696289,14.850000381469727
2026-03-02,17.373638153076172,16.149999618530273,145.1699981689453,45.07349395751953,16.56999969482422
2026-03-03,17.88819122314453,16.59000015258789,147.22000122070312,46.414676666259766,17.040000915527344
2026-03-04,19.350399017333984,17.8799991607666,153.19000244140625,50.090492248535156,18.399999618530273
2026-03-05,19.17159652709961,17.75,152.6699981689453,49.7725830078125,18.280000686645508
2026-03-06,20.304012298583984,18.829999923706055,157.16000366210938,52.643699645996094,19.350000381469727
2026-03-09,20.075542449951172,18.649999618530273,156.42999267578125,52.156898498535156,19.170000076293945
2026-03-10,18.714656829833984,17.31999969482422,151.13999938964844,48.64003372192383,17.860000610351562
2026-03-11,18.833858489990234,17.489999771118164,151.60000610351562,48.88840103149414,17.959999084472656
2026-03-12,19.321592330932617,17.920000076293945,153.5,50.05075454711914,18.399999618530273
2026-03-13,18.635189056396484,17.31999969482422,150.9499969482422,48.37179946899414,17.809999465942383
2026-03-16,19.121929168701172,17.649999618530273,152.72000122070312,49.494415283203125,18.219999313354492
2026-03-17,19.648405075073242,18.139999389648438,155.0800018310547,51.05415344238281,18.75
2026-03-18,19.09212875366211,17.634000778198242,152.77000427246094,49.454673767089844,18.200000762939453
2026-03-19,19.837139129638672,18.350000381469727,155.67999267578125,51.35219192504883,18.8799991607666
2026-03-20,18.53585433959961,17.06999969482422,150.67999267578125,48.06382751464844,17.670000076293945
2026-03-23,20.979488372802734,19.3799991607666,160.83999633789062,54.4219970703125,20.020000457763672
2026-03-24,19.410001754760742,17.989999771118164,154.77999877929688,50.349998474121094,18.530000686645508
2026-03-25,19.46299934387207,18.1200008392334,154.9600067138672,50.470001220703125,18.579999923706055
2026-03-26,17.56599998474121,16.25,147.55999755859375,45.65999984741211,16.790000915527344
2026-03-27,16.520000457763672,15.262999534606934,143.05999755859375,42.779998779296875,15.770000457763672
2026-03-30,15.1899995803833,14.069999694824219,137.5500030517578,39.439998626708984,14.529999732971191
2026-03-31,17.110000610351562,15.829999923706055,146.27999877929688,44.4900016784668,16.3700008392334
2026-04-01,17.219999313354492,15.895000457763672,146.49000549316406,44.54999923706055,16.420000076293945
2026-04-02,17.59000015258789,16.29199981689453,148.4600067138672,45.68000030517578,16.84000015258789
2026-04-06,17.48699951171875,16.170000076293945,147.92999267578125,45.349998474121094,16.729999542236328
2026-04-07,17.959999084472656,16.618999481201172,150.07000732421875,46.689998626708984,17.200000762939453
2026-04-08,15.739999771118164,14.609999656677246,140.75999450683594,40.900001525878906,15.079999923706055
2026-04-09,13.420000076293945,12.479999542236328,130.49000549316406,34.93000030517578,12.880000114440918
2026-04-10,12.920000076293945,12.029999732971191,128.05999755859375,33.59000015258789,12.399999618530273
2026-04-13,13.789999961853027,12.829999923706055,132.3699951171875,35.79999923706055,13.180000305175781
2026-04-14,14.494999885559082,13.449999809265137,135.6999969482422,37.68000030517578,13.859999656677246
2026-04-15,15.869999885559082,14.65999984741211,142.14999389648438,41.18000030517578,15.180000305175781
2026-04-16,15.989999771118164,14.829999923706055,142.75999450683594,41.470001220703125,15.289999961853027
2026-04-17,16.790000915527344,15.520000457763672,146.38999938964844,43.58000183105469,16.059999465942383
2026-04-20,16.639999389648438,15.470000267028809,145.88999938964844,43.2599983215332,15.949999809265137
2026-04-21,16.6299991607666,15.4399995803833,145.97000122070312,43.29999923706055,15.930000305175781
2026-04-22,18.15999984741211,16.780000686645508,152.6199951171875,47.20000076293945,17.389999389648438
2026-04-23,15.529999732971191,14.390000343322754,141.57000732421875,40.439998626708984,14.880000114440918
2026-04-24,15.819999694824219,14.670000076293945,143.08999633789062,41.20000076293945,15.199999809265137
2026-04-27,15.84000015258789,14.699999809265137,143.10000610351562,41.209999084472656,15.180000305175781
2026-04-28,15.430000305175781,14.329999923706055,141.17999267578125,40.09000015258789,14.779999732971191
2026-04-29,14.710000038146973,13.649999618530273,137.97000122070312,38.29999923706055,14.130000114440918
2026-04-30,14.949999809265137,13.859999656677246,139.11000061035156,38.83000183105469,14.319999694824219
2026-05-01,16.010000228881836,14.842000007629395,144.07000732421875,41.59000015258789,15.350000381469727
2026-05-04,16.479999542236328,15.260000228881836,146.02999877929688,42.83000183105469,15.800000190734863
2026-05-05,14.15999984741211,13.149999618530273,135.91000366210938,36.79999923706055,13.59000015258789
2026-05-06,13.6899995803833,12.65999984741211,133.7899932861328,35.665000915527344,13.140000343322754
2026-05-07,14.390000343322754,13.270000457763672,137.0500030517578,37.38999938964844,13.789999961853027
2026-05-08,14.5,13.380000114440918,137.8000030517578,37.75,13.930000305175781
2026-05-11,14.300000190734863,13.180000305175781,136.88999938964844,37.20000076293945,13.729999542236328
2026-05-12,14.119999885559082,13.079999923706055,136.0,36.72999954223633,13.5600004196167
2026-05-13,12.890000343322754,11.930000305175781,130.0500030517578,33.52000045776367,12.369999885559082
2026-05-14,13.59000015258789,12.59000015258789,133.72999572753906,35.380001068115234,13.050000190734863
2026-05-15,13.635000228881836,12.630000114440918,133.99000549316406,35.5,13.09000015258789
2026-05-18,13.850000381469727,12.819999694824219,135.13999938964844,36.09000015258789,13.3100004196167
2026-05-19,13.909000396728516,12.819999694824219,135.25999450683594,36.130001068115234,13.34000015258789
2026-05-20,14.206000328063965,13.180000305175781,137.14999389648438,37.119998931884766,13.720000267028809
2026-05-21,14.300000190734863,13.239999771118164,137.4149932861328,37.25,13.770000457763672
2026-05-22,14.1850004196167,13.130000114440918,136.8800048828125,36.91999816894531,13.640000343322754
2026-05-26,14.109999656677246,13.029999732971191,136.60000610351562,36.7599983215332,13.579999923706055
2026-05-27,13.270000457763672,12.270000457763672,132.50999450683594,34.58000183105469,12.760000228881836
2026-05-28,15.4399995803833,14.270000457763672,143.33999633789062,40.16999816894531,14.84000015258789
2026-05-29,18.270999908447266,16.920000076293945,156.5399932861328,47.59000015258789,17.579999923706055
2026-06-01,19.219999313354492,17.739999771118164,160.64999389648438,50.04999923706055,18.489999771118164
2026-06-02,17.15999984741211,15.932000160217285,152.1699981689453,44.7599983215332,16.530000686645508
2026-06-03,14.949999809265137,13.8100004196167,142.1999969482422,38.93000030517578,14.380000114440918
2026-06-04,14.829999923706055,13.710000038146973,141.6999969482422,38.619998931884766,14.25
2026-06-05,13.529999732971191,12.479999542236328,135.52999877929688,35.2599983215332,13.050000190734863
2026-06-08,13.6899995803833,12.640000343322754,136.47000122070312,35.66999816894531,13.170000076293945
2026-06-09,12.789999961853027,11.880000114440918,132.07000732421875,33.400001525878906,12.34000015258789
2026-06-10,12.430000305175781,11.539999961853027,130.2100067138672,32.439998626708984,11.989999771118164
2026-06-11,12.600000381469727,11.649999618530273,131.0800018310547,32.83000183105469,12.119999885559082
2026-06-12,11.989999771118164,11.100000381469727,127.98999786376953,31.280000686645508,11.5600004196167
