Strategy,CAGR,Ann. Vol,Sharpe,Max DD,Calmar,bucket,target_dte,roll_dte,stop_loss_rolls,misses
ATM/30/3,0.28009276858392584,0.38268251538821685,0.8248112632488293,-0.307853616505094,0.9098245190804545,ATM,30,3,76,0
ATM/30/5,0.11813241042110367,0.43153981697151417,0.4591275502551848,-0.47641394196742226,0.2479616988815615,ATM,30,5,68,0
ATM/30/7,0.11912483537348084,0.43130315796781377,0.4612216654855138,-0.4740029169291944,0.25131667152013637,ATM,30,7,68,0
ATM/30/10,-0.018447758912382373,0.42745266514643965,0.1546057732050666,-0.488668868230689,-0.037751041884816004,ATM,30,10,53,0
ATM/30/14,-0.44016413423586365,0.6965270560316417,-0.4942119567503054,-0.9005295117547477,-0.4887836861428024,ATM,30,14,45,0
ATM/30/21,-0.026492250988506494,0.3686108649047288,0.10744980197080004,-0.39562948998214975,-0.06696227571332407,ATM,30,21,32,0
ATM/45/3,0.27825184438297224,0.3881927473245768,0.8244034355231983,-0.271250835274359,1.025810092350617,ATM,45,3,56,0
ATM/45/5,0.22240582724466273,0.375000766172323,0.7205120345921516,-0.2833704269021985,0.7848589906716805,ATM,45,5,58,0
ATM/45/7,0.22240582724466273,0.375000766172323,0.7205120345921516,-0.2833704269021985,0.7848589906716805,ATM,45,7,58,0
ATM/45/10,-0.009681875889391955,0.36711303864646616,0.15222782416608407,-0.521688852306974,-0.018558717224984735,ATM,45,10,49,0
ATM/45/14,-0.17955945911242877,0.44996779713957963,-0.2210932885974202,-0.6601193977927151,-0.2720105782572571,ATM,45,14,45,0
ATM/45/21,-0.04013312504314093,0.3883484351839444,0.08523999578252041,-0.5243661830320157,-0.07653644789044407,ATM,45,21,53,0
ATM/45/30,0.12117724840266697,0.27979582988067214,0.5506686121979321,-0.22807514335316692,0.531304054537096,ATM,45,30,37,0
ATM/60/3,0.16538884518453512,0.427406886324008,0.5712968037734945,-0.4253261970604154,0.3888517714817422,ATM,60,3,43,0
ATM/60/5,0.22748753849839232,0.37892250108398595,0.7301812174991501,-0.4041738480518535,0.5628457645018309,ATM,60,5,46,0
ATM/60/7,0.22748753849839232,0.37892250108398595,0.7301812174991501,-0.4041738480518535,0.5628457645018309,ATM,60,7,46,0
ATM/60/10,0.1056544919190392,0.3692176119634798,0.4553546256281624,-0.3656597896297962,0.2889420573862022,ATM,60,10,43,0
ATM/60/14,-0.012518714267165332,0.39623089269773015,0.16330821256257555,-0.4492345468033816,-0.027866766606096417,ATM,60,14,38,0
ATM/60/21,-0.1105775359496114,0.4780610644260253,-0.00951861393895236,-0.5945566428085455,-0.1859831813959208,ATM,60,21,45,0
ATM/60/30,0.12670586805841833,0.29949497084920357,0.5499552479691658,-0.22846249485357806,0.5546024879909689,ATM,60,30,37,0
ATM/60/45,-0.016211946989985848,0.2918740413703713,0.08970165881712057,-0.3055166396336374,-0.053064039357812155,ATM,60,45,25,0
ATM/90/3,0.18523550546788115,0.4348579268843724,0.6031812532279602,-0.38701715311930474,0.47862350279544097,ATM,90,3,38,0
ATM/90/5,0.17580548274287433,0.3914238700900293,0.6072580945642515,-0.2881128349185088,0.6101966363025791,ATM,90,5,40,0
ATM/90/7,0.17580548274287433,0.3914238700900293,0.6072580945642515,-0.2881128349185088,0.6101966363025791,ATM,90,7,40,0
ATM/90/10,0.17787194371864112,0.36515858736449053,0.6291200718314625,-0.232874885791574,0.763809043272441,ATM,90,10,35,0
ATM/90/14,0.0601762357199378,0.42623221505783626,0.3468663124961643,-0.43028781088863777,0.1398511280058359,ATM,90,14,35,0
ATM/90/21,0.10520274177487865,0.43248898121643103,0.4439651659208652,-0.32485874862316766,0.32384149178913635,ATM,90,21,34,0
ATM/90/30,0.030045979111547938,0.3528437510597074,0.2601921957508293,-0.28053681301036737,0.10710173395474332,ATM,90,30,32,0
ATM/90/45,-0.1475756532304464,0.39401598192214254,-0.211086517654188,-0.5613678561407535,-0.2628858272096084,ATM,90,45,20,0
ATM/90/60,0.046970994420353795,0.2985138775265267,0.3032251054767631,-0.24024152793996345,0.19551571630068837,ATM,90,60,20,0
ATM/120/3,0.0963818766437805,0.4940038798156866,0.4269787752444714,-0.32839568642564576,0.29349312621255447,ATM,120,3,30,0
ATM/120/5,0.010108878914696362,0.45571244671061667,0.2472210815432484,-0.3995208914595244,0.025302503901026903,ATM,120,5,30,0
ATM/120/7,0.010108878914696362,0.45571244671061667,0.2472210815432484,-0.3995208914595244,0.025302503901026903,ATM,120,7,30,0
ATM/120/10,0.03483337993949531,0.435939647620166,0.2939499384282426,-0.31588866361457235,0.11027106684017263,ATM,120,10,28,0
ATM/120/14,-0.1087649369263346,0.5312911071185699,0.046064830297309955,-0.5184689152597611,-0.20978101815774558,ATM,120,14,27,0
ATM/120/21,-0.002848881297379924,0.4626982057389536,0.22578428958311555,-0.37083439525741313,-0.007682354532950982,ATM,120,21,22,0
ATM/120/30,-0.06564568895951373,0.4369692306218748,0.062037536636875557,-0.4032642719894357,-0.16278577974602582,ATM,120,30,22,0
ATM/120/45,-0.05538918025492068,0.38675066504911526,0.047780386878621364,-0.4336763007327247,-0.12772009944130452,ATM,120,45,20,0
ATM/120/60,0.05309565481301082,0.39343272068937124,0.32961922809768535,-0.3431307658041447,0.15473883459146662,ATM,120,60,25,0
ATM/150/3,0.1016798312668965,0.4629075957178397,0.4352363662058408,-0.30295802828969065,0.3356234916133977,ATM,150,3,24,0
ATM/150/5,0.07795086189174905,0.40551812523442393,0.38635012308561767,-0.28800945133337363,0.27065383281995214,ATM,150,5,22,0
ATM/150/7,0.07795086189174905,0.40551812523442393,0.38635012308561767,-0.28800945133337363,0.27065383281995214,ATM,150,7,22,0
ATM/150/10,0.08772337554804399,0.4353137124403118,0.4086517388228226,-0.3121308727645433,0.28104677621626467,ATM,150,10,22,0
ATM/150/14,-0.021750713121252763,0.45652569879824717,0.1792023321228914,-0.3173755747318193,-0.06853304051400931,ATM,150,14,19,0
ATM/150/21,-0.08005075112333038,0.4427422220531759,0.031170187966131843,-0.37092290997259214,-0.21581506283676413,ATM,150,21,17,0
ATM/150/30,-0.1254569433628565,0.4705973762205974,-0.05193771966575692,-0.4699174322815358,-0.2669765681041878,ATM,150,30,15,0
ATM/150/45,-0.005783504938465245,0.3704339780061524,0.16953040601575384,-0.34987008053207125,-0.016530435896861703,ATM,150,45,19,0
ATM/150/60,0.041681849450008635,0.473960860963761,0.3132998164259856,-0.4465298632192912,0.09334616311997623,ATM,150,60,20,0
ATM/180/3,-0.05621691956503316,0.5370509701595119,0.15606899799974408,-0.5936703487814666,-0.09469383081102291,ATM,180,3,18,0
ATM/180/5,-0.08375136722232568,0.5401117947883618,0.1028700809909483,-0.6182500230536578,-0.1354652067923286,ATM,180,5,18,0
ATM/180/7,-0.08375136722232568,0.5401117947883618,0.1028700809909483,-0.6182500230536578,-0.1354652067923286,ATM,180,7,18,0
ATM/180/10,0.13167349417249663,0.3964823952894606,0.5094777335797953,-0.28800945133337363,0.4571846290560907,ATM,180,10,21,0
ATM/180/14,0.0025674633206773656,0.428893120912674,0.21976595638112215,-0.3023828389864379,0.008490770604850754,ATM,180,14,19,0
ATM/180/21,-0.038791440398361576,0.3940731438142739,0.09621508218629236,-0.3450412504675525,-0.11242551534286624,ATM,180,21,17,0
ATM/180/30,-0.06790943037363939,0.5252039761695915,0.12680550435169627,-0.3621652386758317,-0.18750952085278408,ATM,180,30,14,0
ATM/180/45,0.006617077936606153,0.3722889560697524,0.20424218491634155,-0.3672183470725582,0.01801946441226885,ATM,180,45,19,0
ATM/180/60,-0.00196468068073552,0.4248972276016167,0.20390330474576804,-0.48291861496419375,-0.004068347377500021,ATM,180,60,18,0
ATM/210/3,-0.025022861771548,0.5534558349032004,0.23027505751571006,-0.5182006547329356,-0.04828797791551228,ATM,210,3,17,0
ATM/210/5,-0.03811401819464422,0.5435628333251673,0.19942730691790372,-0.5277884887988855,-0.07221456891070546,ATM,210,5,17,0
ATM/210/7,-0.03811401819464422,0.5435628333251673,0.19942730691790372,-0.5277884887988855,-0.07221456891070546,ATM,210,7,17,0
ATM/210/10,0.12720420558380052,0.40618316279114436,0.49671132261184875,-0.2933663686186859,0.43360186848526944,ATM,210,10,21,0
ATM/210/14,-0.00921342492349786,0.4411576280383927,0.19851489073832015,-0.3427204011661683,-0.02688321118949298,ATM,210,14,19,0
ATM/210/21,0.008365311455239999,0.41151091341310897,0.22623198647767484,-0.2631167849249223,0.031793150169522465,ATM,210,21,16,0
ATM/210/30,-0.015015516182863897,0.3980772835753395,0.16248694585340923,-0.27511925505838364,-0.054578208928624146,ATM,210,30,12,0
ATM/210/45,0.08084317413646835,0.3797497440123367,0.3959514853863389,-0.1992346108322962,0.40576872561824767,ATM,210,45,16,0
ATM/210/60,0.008253394317687457,0.4208898231458162,0.2258871659862298,-0.47861747950354083,0.01724423923306879,ATM,210,60,17,0
ATM/240/3,0.007952898285782606,0.5349502653957555,0.2815967449902595,-0.5046459397320179,0.015759362475017302,ATM,240,3,18,0
ATM/240/5,-0.013735238559168916,0.5398692681609606,0.243471462060815,-0.5072124047023377,-0.02707985536597743,ATM,240,5,18,0
ATM/240/7,-0.013735238559168916,0.5398692681609606,0.243471462060815,-0.5072124047023377,-0.02707985536597743,ATM,240,7,18,0
ATM/240/10,0.1272355406380945,0.40483198845104335,0.49709541512054456,-0.2933663686186859,0.43370868050479816,ATM,240,10,21,0
ATM/240/14,-0.009168299218437204,0.4377992669608266,0.1968157921525896,-0.33145620273916254,-0.02766066570083813,ATM,240,14,19,0
ATM/240/21,0.008365311455239999,0.41151091341310897,0.22623198647767484,-0.2631167849249223,0.031793150169522465,ATM,240,21,16,0
ATM/240/30,-0.015350236101187908,0.42243303697707374,0.1759300444850994,-0.2968393644848296,-0.05171226574962029,ATM,240,30,12,0
ATM/240/45,0.0778337589195921,0.37683681302081595,0.3886462086662779,-0.2038972647274736,0.381730274918713,ATM,240,45,16,0
ATM/240/60,0.008296344613284878,0.4178126277017882,0.2246031165424362,-0.470279273065071,0.01764131461549006,ATM,240,60,17,0
ATM/270/3,0.007952898285782606,0.5349502653957555,0.2815967449902595,-0.5046459397320179,0.015759362475017302,ATM,270,3,18,0
ATM/270/5,-0.013735238559168916,0.5398692681609606,0.243471462060815,-0.5072124047023377,-0.02707985536597743,ATM,270,5,18,0
ATM/270/7,-0.013735238559168916,0.5398692681609606,0.243471462060815,-0.5072124047023377,-0.02707985536597743,ATM,270,7,18,0
ATM/270/10,0.1272355406380945,0.40483198845104335,0.49709541512054456,-0.2933663686186859,0.43370868050479816,ATM,270,10,21,0
ATM/270/14,-0.009168299218437204,0.4377992669608266,0.1968157921525896,-0.33145620273916254,-0.02766066570083813,ATM,270,14,19,0
ATM/270/21,-0.03836106580361465,0.4082444606796339,0.10758338482671169,-0.31047724648115926,-0.12355515980119502,ATM,270,21,16,0
ATM/270/30,-0.015350236101187908,0.42243303697707374,0.1759300444850994,-0.2968393644848296,-0.05171226574962029,ATM,270,30,12,0
ATM/270/45,0.046815891046486646,0.3724655393817566,0.30981153936195877,-0.28935326844884235,0.1617949273476539,ATM,270,45,16,0
ATM/270/60,0.008296344613284878,0.4178126277017882,0.2246031165424362,-0.470279273065071,0.01764131461549006,ATM,270,60,17,0
10% OTM/30/3,0.38819365353435686,0.2654414066332443,1.373643347761305,-0.19488404622427702,1.9919211503214314,10% OTM,30,3,66,0
10% OTM/30/5,0.3099156836788004,0.2643783369332067,1.1566340961673285,-0.2643433398561045,1.1723983053535727,10% OTM,30,5,62,0
10% OTM/30/7,0.3114914475706787,0.2642321521524267,1.161711968368246,-0.2604322909116995,1.1960553988149303,10% OTM,30,7,62,0
10% OTM/30/10,0.21360019536858932,0.2655564775648918,0.8635940637875357,-0.2795602917059138,0.7640577067121112,10% OTM,30,10,55,0
10% OTM/30/14,0.14551525272354526,0.26562859794773597,0.645048745394248,-0.37759016167103454,0.38537882470126855,10% OTM,30,14,47,0
10% OTM/30/21,0.22209427417227334,0.26005588798583396,0.9043306486585138,-0.20966936172053985,1.0592595520383858,10% OTM,30,21,32,0
10% OTM/45/3,0.28864904754632037,0.2914718460649379,1.018410288344508,-0.22759962710643356,1.2682316364751247,10% OTM,45,3,48,0
10% OTM/45/5,0.33309100319969653,0.26720787292379705,1.2134172218693986,-0.22930259643266782,1.4526263914220658,10% OTM,45,5,44,0
10% OTM/45/7,0.33309100319969653,0.26720787292379705,1.2134172218693986,-0.22930259643266782,1.4526263914220658,10% OTM,45,7,44,0
10% OTM/45/10,0.19146487015101,0.2687541565987918,0.7875765402970123,-0.34875289589465297,0.5489986532150413,10% OTM,45,10,45,0
10% OTM/45/14,0.16817575288665676,0.27420580776358155,0.7050834943731235,-0.35401228663189066,0.4750562600148661,10% OTM,45,14,38,0
10% OTM/45/21,0.17172922996790407,0.283669811089417,0.7019670258124173,-0.33687562827724005,0.509770418377002,10% OTM,45,21,44,0
10% OTM/45/30,0.21351322570049058,0.25858756346650674,0.8799986308251025,-0.21135535348982737,1.0102096879735156,10% OTM,45,30,37,0
10% OTM/60/3,0.27357813870625725,0.3113716324141853,0.9348309056381547,-0.2926751756273077,0.934750062487812,10% OTM,60,3,39,0
10% OTM/60/5,0.33809112693807575,0.28184051541922506,1.1779190386837413,-0.206182043754794,1.6397699856936,10% OTM,60,5,39,0
10% OTM/60/7,0.33809112693807575,0.28184051541922506,1.1779190386837413,-0.206182043754794,1.6397699856936,10% OTM,60,7,39,0
10% OTM/60/10,0.28832300638615616,0.27317757788206903,1.0669424712040467,-0.22396574911013634,1.2873531222150034,10% OTM,60,10,36,0
10% OTM/60/14,0.2412470992127802,0.27721401283604635,0.9203552690287485,-0.25683964989204633,0.939290718213407,10% OTM,60,14,32,0
10% OTM/60/21,0.15387001801267441,0.299090644922934,0.6292723345036325,-0.3360821307530306,0.45783457057925386,10% OTM,60,21,39,0
10% OTM/60/30,0.15462391668083253,0.28136744400316865,0.652497127012001,-0.27333988303191625,0.5656837010601121,10% OTM,60,30,37,0
10% OTM/60/45,0.0529157383684935,0.2490418654395475,0.3298330686620032,-0.3908440424485937,0.13538837137437834,10% OTM,60,45,30,0
10% OTM/90/3,0.3024298999847643,0.3180104124286301,0.9906577021878464,-0.31482866723245806,0.9606174134119149,10% OTM,90,3,32,0
10% OTM/90/5,0.2904151839048432,0.2879658633241504,1.0318779766366932,-0.25069243004149844,1.1584521473455311,10% OTM,90,5,33,0
10% OTM/90/7,0.2904151839048432,0.2879658633241504,1.0318779766366932,-0.25069243004149844,1.1584521473455311,10% OTM,90,7,33,0
10% OTM/90/10,0.29917860184185274,0.28790427560020854,1.05563278247146,-0.1751448332951825,1.7081782900077243,10% OTM,90,10,30,0
10% OTM/90/14,0.18743947475377687,0.3071206510760191,0.7136105873166004,-0.2694987823053343,0.6955113976782774,10% OTM,90,14,29,0
10% OTM/90/21,0.1450172385994808,0.32176671015333225,0.5823770987558268,-0.24176814604338026,0.5998194591501746,10% OTM,90,21,29,0
10% OTM/90/30,0.18873280024733852,0.3065197321141806,0.717970240191478,-0.20296392511259675,0.9298834763007103,10% OTM,90,30,27,0
10% OTM/90/45,0.05273144959562526,0.28542557978014005,0.322003917456309,-0.36320830674821025,0.14518238877223888,10% OTM,90,45,20,0
10% OTM/90/60,0.12116915490588931,0.2748050865065447,0.5544554085532506,-0.18294469655111967,0.6623266877377415,10% OTM,90,60,17,0
10% OTM/120/3,0.16756795961242843,0.2846684600340109,0.6875057057656189,-0.2282771664857367,0.7340548430317864,10% OTM,120,3,23,0
10% OTM/120/5,0.26283168989307115,0.31864084243361745,0.8928281118672083,-0.22078523368656988,1.1904405267708758,10% OTM,120,5,23,0
10% OTM/120/7,0.26283168989307115,0.31864084243361745,0.8928281118672083,-0.22078523368656988,1.1904405267708758,10% OTM,120,7,23,0
10% OTM/120/10,0.12458667247140753,0.30090449454037277,0.5410694560861313,-0.24829707937814738,0.5017645506883575,10% OTM,120,10,21,0
10% OTM/120/14,0.06957986726557608,0.3039861692662797,0.37279663127770274,-0.31720682830941105,0.21935173223227789,10% OTM,120,14,20,0
10% OTM/120/21,0.1508027323746124,0.3192965264297455,0.5999283160723091,-0.27283965064219284,0.552715604274021,10% OTM,120,21,21,0
10% OTM/120/30,0.17636821117659918,0.3243318051455075,0.6633407385675814,-0.23181021643148947,0.7608301907121684,10% OTM,120,30,18,0
10% OTM/120/45,0.12411182469766846,0.32324900654767236,0.5248656746426558,-0.32954466951557015,0.3766160893456797,10% OTM,120,45,19,0
10% OTM/120/60,0.16127300061957617,0.3280394803368017,0.6206064132883167,-0.1958314682986778,0.8235295482419922,10% OTM,120,60,22,0
10% OTM/150/3,0.21656753856457622,0.29304127965739474,0.8171290755531281,-0.16556133725155542,1.308080389780384,10% OTM,150,3,19,0
10% OTM/150/5,0.07297999568308389,0.3078309527389899,0.3820891917862304,-0.5041084534802931,0.14477042624308395,10% OTM,150,5,15,0
10% OTM/150/7,0.07297999568308389,0.3078309527389899,0.3820891917862304,-0.5041084534802931,0.14477042624308395,10% OTM,150,7,15,0
10% OTM/150/10,0.01807902204992029,0.3494033108935976,0.22498130388225387,-0.542700671809971,0.033313063699782444,10% OTM,150,10,11,0
10% OTM/150/14,0.07199682826617115,0.34623078777538663,0.37389851749962427,-0.4660258121777605,0.15449107406674878,10% OTM,150,14,12,0
10% OTM/150/21,0.06420230735761034,0.3419792277496073,0.353069319400531,-0.317646831516435,0.20211851964998592,10% OTM,150,21,15,0
10% OTM/150/30,0.12545110477838972,0.3285594885436991,0.5239620354770862,-0.3523763439045695,0.3560145479356139,10% OTM,150,30,13,0
10% OTM/150/45,0.10470000501035992,0.34840325824456747,0.46096563794540385,-0.31654471612926216,0.33075897235196716,10% OTM,150,45,17,0
10% OTM/150/60,0.20987363435699757,0.31822192315588127,0.7588941702894542,-0.19116618385609918,1.0978596220499985,10% OTM,150,60,20,0
10% OTM/180/3,0.12636241827296835,0.36705398474688616,0.506451023832998,-0.35088151340214746,0.36012845774563107,10% OTM,180,3,14,0
10% OTM/180/5,0.12896474802855007,0.3643759228973429,0.5138827251996568,-0.3485425473043453,0.3700114922151493,10% OTM,180,5,14,0
10% OTM/180/7,0.12896474802855007,0.3643759228973429,0.5138827251996568,-0.3485425473043453,0.3700114922151493,10% OTM,180,7,14,0
10% OTM/180/10,0.05015719963911036,0.4356767128073915,0.3264552838509639,-0.3630161709811993,0.13816794856146508,10% OTM,180,10,12,0
10% OTM/180/14,0.11322654549094491,0.34569804179708596,0.4833812193422579,-0.2497032039498922,0.4534445041148371,10% OTM,180,14,14,0
10% OTM/180/21,0.09046163277464281,0.3372746553230816,0.42532880015901053,-0.23877953847275002,0.37885001936615464,10% OTM,180,21,13,0
10% OTM/180/30,0.05384535967369386,0.34258271402781737,0.32367967907414863,-0.35125980150576175,0.15329212008568144,10% OTM,180,30,13,0
10% OTM/180/45,0.11589497014330008,0.34287422862524136,0.4924289172617313,-0.3106928728655538,0.3730210129198919,10% OTM,180,45,16,0
10% OTM/180/60,0.10141006913414063,0.4155544247852097,0.43951392278838597,-0.5363941918478463,0.18905885014300572,10% OTM,180,60,17,0
10% OTM/210/3,0.11474523566029338,0.37169324219477284,0.47667904828875124,-0.3728133759846102,0.3077819709586549,10% OTM,210,3,14,0
10% OTM/210/5,0.1248214691615468,0.3731924582798211,0.5005797420368938,-0.34315182979795256,0.36374997398394043,10% OTM,210,5,13,0
10% OTM/210/7,0.1248214691615468,0.3731924582798211,0.5005797420368938,-0.34315182979795256,0.36374997398394043,10% OTM,210,7,13,0
10% OTM/210/10,0.11534305083795471,0.38748507081326855,0.4738691792913173,-0.3201935941157319,0.36022910188598184,10% OTM,210,10,11,0
10% OTM/210/14,0.12834751848610804,0.32707967405189803,0.532966297559152,-0.24855568309643594,0.5163733006913831,10% OTM,210,14,14,0
10% OTM/210/21,0.11122347301205959,0.3267034101652617,0.48645145865265044,-0.21243800055131357,0.5235573330732511,10% OTM,210,21,11,0
10% OTM/210/30,0.09089429143524619,0.3252791255864029,0.4299384421002223,-0.28728501992371547,0.3163906404148114,10% OTM,210,30,12,0
10% OTM/210/45,0.11683406236912175,0.3449373778129935,0.49399387650483173,-0.3069919990431704,0.38057689690046964,10% OTM,210,45,16,0
10% OTM/210/60,0.12846665587338157,0.4253725464454076,0.4960624211029715,-0.4725164539458677,0.2718776347375597,10% OTM,210,60,17,0
10% OTM/240/3,0.14845268679852208,0.3724351003675282,0.5569112587860312,-0.32717111449665826,0.45374631261965637,10% OTM,240,3,14,0
10% OTM/240/5,0.14287405622979987,0.36982268386129347,0.5450281313176915,-0.3220294088066571,0.44366772823403805,10% OTM,240,5,14,0
10% OTM/240/7,0.14287405622979987,0.36982268386129347,0.5450281313176915,-0.3220294088066571,0.44366772823403805,10% OTM,240,7,14,0
10% OTM/240/10,0.11537533724612947,0.3859483351089428,0.47430431197750805,-0.3201935941157319,0.36032993590879836,10% OTM,240,10,11,0
10% OTM/240/14,0.12570074196803493,0.3115179658329797,0.5366585935654695,-0.24227228817855473,0.5188407758603967,10% OTM,240,14,13,0
10% OTM/240/21,0.11253221901497756,0.32500637849889175,0.4909491445728424,-0.21166871962685485,0.5316431223912423,10% OTM,240,21,11,0
10% OTM/240/30,0.09089429143524619,0.3252791255864029,0.4299384421002223,-0.28728501992371547,0.3163906404148114,10% OTM,240,30,12,0
10% OTM/240/45,0.12086745002872878,0.34374308509770657,0.5050775949761512,-0.302925367698613,0.3990007537070399,10% OTM,240,45,16,0
10% OTM/240/60,0.10816801454267178,0.424278798621763,0.45316308782369247,-0.5032566833155906,0.21493607164843148,10% OTM,240,60,15,0
10% OTM/270/3,0.14845268679852208,0.3724351003675282,0.5569112587860312,-0.32717111449665826,0.45374631261965637,10% OTM,270,3,14,0
10% OTM/270/5,0.14287405622979987,0.36982268386129347,0.5450281313176915,-0.3220294088066571,0.44366772823403805,10% OTM,270,5,14,0
10% OTM/270/7,0.14287405622979987,0.36982268386129347,0.5450281313176915,-0.3220294088066571,0.44366772823403805,10% OTM,270,7,14,0
10% OTM/270/10,0.12565756617640567,0.37653739505417516,0.5013865028992115,-0.28525152587308267,0.4405149658421622,10% OTM,270,10,11,0
10% OTM/270/14,0.13519722983239602,0.3079581152557063,0.5664414617223066,-0.2259661635230047,0.5983074090587556,10% OTM,270,14,13,0
10% OTM/270/21,0.11152526394967333,0.3259647085316248,0.48766544785546123,-0.2122603397301236,0.5254173440571662,10% OTM,270,21,11,0
10% OTM/270/30,0.09089429143524619,0.3252791255864029,0.4299384421002223,-0.28728501992371547,0.3163906404148114,10% OTM,270,30,12,0
10% OTM/270/45,0.1080410454359082,0.3483277141729196,0.4697352713274526,-0.33329801387878466,0.32415748350424034,10% OTM,270,45,16,0
10% OTM/270/60,0.10702031561921888,0.42908700121316934,0.4504080252448542,-0.507105500035087,0.21104152018034522,10% OTM,270,60,15,0
20% OTM/30/3,0.39836037904067134,0.4028226168926895,1.034917010628688,-0.38724340674724467,1.0287079704902058,20% OTM,30,3,71,0
20% OTM/30/5,0.19254644898461293,0.38567987998494657,0.6473052775825163,-0.43746064682267305,0.4401457602714665,20% OTM,30,5,64,0
20% OTM/30/7,0.20611557077623344,0.3839727780756428,0.6781903020413442,-0.40594039674559423,0.5077483601746774,20% OTM,30,7,65,0
20% OTM/30/10,0.16950371758759486,0.4269988724759803,0.5790691095883702,-0.408495006806034,0.4149468531155888,20% OTM,30,10,62,0
20% OTM/30/14,0.14279495027811695,0.4600028417264157,0.5166052552313664,-0.38724340674724467,0.3687472731364534,20% OTM,30,14,54,0
20% OTM/30/21,0.1302501224838697,0.4138908383843963,0.49997607095328667,-0.42392459366578783,0.3072483277215943,20% OTM,30,21,38,0
20% OTM/45/3,0.22628605384567857,0.47495243714361957,0.6647788865499578,-0.46056388776135104,0.4913239180465936,20% OTM,45,3,53,0
20% OTM/45/5,0.1976132660036114,0.42815075727372526,0.6342684650210275,-0.43468750946117274,0.4546099478417671,20% OTM,45,5,54,0
20% OTM/45/7,0.1976132660036114,0.42815075727372526,0.6342684650210275,-0.43468750946117274,0.4546099478417671,20% OTM,45,7,54,0
20% OTM/45/10,0.09731613313103349,0.5158702932993757,0.4347595513758401,-0.46608372606250936,0.20879538951759458,20% OTM,45,10,54,0
20% OTM/45/14,0.15254063069609547,0.4950632561616982,0.5313512728679157,-0.4225120132661906,0.36103264737230556,20% OTM,45,14,49,0
20% OTM/45/21,0.07069659469684386,0.47877542132080014,0.3784337820104057,-0.49847202834952864,0.14182660345240355,20% OTM,45,21,50,0
20% OTM/45/30,0.05176301538936423,0.5303792339580444,0.35596202634585544,-0.5691898796107833,0.09094155965099064,20% OTM,45,30,35,3
20% OTM/60/3,0.037235766647099044,0.5895842330975024,0.3573497636024707,-0.5906128250862955,0.06304598387557611,20% OTM,60,3,42,0
20% OTM/60/5,0.22494051809666793,0.45025397381797116,0.6744356881895214,-0.4792119722132927,0.4693966994558914,20% OTM,60,5,45,2
20% OTM/60/7,0.22494051809666793,0.45025397381797116,0.6744356881895214,-0.4792119722132927,0.4693966994558914,20% OTM,60,7,45,2
20% OTM/60/10,0.165418612414864,0.44687336814356327,0.5651487412203766,-0.4011262881474601,0.4123853691535011,20% OTM,60,10,38,0
20% OTM/60/14,0.1214102817878453,0.4495646782322435,0.47697911168220924,-0.42617592092512113,0.28488301620676737,20% OTM,60,14,39,0
20% OTM/60/21,0.18460762492946503,0.45402863227901596,0.5986387626761114,-0.4204235233671896,0.43909918134678777,20% OTM,60,21,42,0
20% OTM/60/30,0.16174481768057092,0.38713055476323366,0.5789872487480068,-0.5673750587492219,0.28507565707441795,20% OTM,60,30,30,3
20% OTM/60/45,0.08191614989632057,0.31178335101709836,0.4070447977455159,-0.391512798343537,0.20922981379638675,20% OTM,60,45,17,3
20% OTM/90/3,-0.05436441535728642,0.5663821289659351,0.17648045485316063,-0.5758635247458814,-0.09440503352122623,20% OTM,90,3,32,0
20% OTM/90/5,-0.05228679589319141,0.49604136112302316,0.1347922276553968,-0.503671364708911,-0.10381133325578225,20% OTM,90,5,33,2
20% OTM/90/7,-0.05228679589319141,0.49604136112302316,0.1347922276553968,-0.503671364708911,-0.10381133325578225,20% OTM,90,7,33,2
20% OTM/90/10,-0.056749313002042334,0.5105544954497576,0.1382485984303892,-0.5246771488622105,-0.10816044328422945,20% OTM,90,10,31,0
20% OTM/90/14,-0.105240354688387,0.5746675839812088,0.0904635464530501,-0.5377970258001858,-0.1956878704038951,20% OTM,90,14,31,0
20% OTM/90/21,0.17346663024844133,0.5091530139208488,0.5696661329852678,-0.358284376993371,0.4841590685704133,20% OTM,90,21,32,0
20% OTM/90/30,0.02873946909040659,0.43390788646031697,0.278978555773894,-0.5673750587492219,0.05065338817283004,20% OTM,90,30,27,3
20% OTM/90/45,-0.022652128989901876,0.33861095063852936,0.0996188086408509,-0.47444062621507943,-0.04774491841184133,20% OTM,90,45,18,3
20% OTM/90/60,0.14835925323734722,0.41373622568231766,0.5426310269480827,-0.6230092428542795,0.23813331012176994,20% OTM,90,60,21,3
20% OTM/120/3,0.03676051814923342,0.6216112427556195,0.3695964858660968,-0.4903797163969066,0.07496337413654354,20% OTM,120,3,28,0
20% OTM/120/5,-0.02912510827234649,0.5570417355199996,0.2197020246948299,-0.4323943969561337,-0.0673577374669386,20% OTM,120,5,31,2
20% OTM/120/7,-0.02912510827234649,0.5570417355199996,0.2197020246948299,-0.4323943969561337,-0.0673577374669386,20% OTM,120,7,31,2
20% OTM/120/10,-0.07846576849925602,0.5971365590098551,0.1573177913229746,-0.5537558302197989,-0.14169741286175006,20% OTM,120,10,30,0
20% OTM/120/14,-0.19104759325329157,0.7826784879207711,0.11907215452510422,-0.696190819219493,-0.274418432388231,20% OTM,120,14,26,0
20% OTM/120/21,-0.0375618779929735,0.6223776134173978,0.25160195883984326,-0.5474046378642986,-0.06861812157734234,20% OTM,120,21,23,0
20% OTM/120/30,0.08095753087187463,0.39711414258756594,0.3920789386308074,-0.5673750587492219,0.14268785633676861,20% OTM,120,30,21,3
20% OTM/120/45,0.02826910458706844,0.35356828904845605,0.2554673882046626,-0.38584079003827354,0.07326624171660098,20% OTM,120,45,18,3
20% OTM/120/60,0.06931489312382322,0.762733558109547,0.4740188691823784,-0.7769641092795236,0.089212477508258,20% OTM,120,60,25,0
20% OTM/150/3,0.05102719319579663,0.4624046247200079,0.3352879525555571,-0.3433836530309128,0.1486011134933175,20% OTM,150,3,23,0
20% OTM/150/5,0.11984068360457645,0.46160426691279477,0.47325448994049524,-0.3433836530309128,0.3489993846439391,20% OTM,150,5,24,2
20% OTM/150/7,0.11984068360457645,0.46160426691279477,0.47325448994049524,-0.3433836530309128,0.3489993846439391,20% OTM,150,7,24,2
20% OTM/150/10,0.026050625417386453,0.5079452144915325,0.3024673937226003,-0.34436442163255054,0.075648422952309,20% OTM,150,10,22,0
20% OTM/150/14,-0.1429231440058638,0.6809766825069673,0.10761786305011051,-0.5675185049181297,-0.2518387378865856,20% OTM,150,14,18,0
20% OTM/150/21,0.02134185131591404,0.5887950908316607,0.33258660532538975,-0.47482942245257587,0.0449463540099931,20% OTM,150,21,20,0
20% OTM/150/30,0.0639058146258793,0.508944573519346,0.3765582854097696,-0.5673750587492219,0.11263416260623024,20% OTM,150,30,17,3
20% OTM/150/45,0.005929450023349103,0.4258737087801211,0.2214324616744426,-0.38584079003827354,0.015367608030143549,20% OTM,150,45,16,3
20% OTM/150/60,0.021184919825126824,0.7830142984343368,0.4134999313766851,-0.7667471783951266,0.0276296025887814,20% OTM,150,60,22,0
20% OTM/180/3,0.0882893996800116,0.45293706425295044,0.4108774579982186,-0.3433836530309128,0.25711590782122473,20% OTM,180,3,23,0
20% OTM/180/5,0.12781985400413975,0.4709468484262552,0.4880774852050752,-0.3433836530309128,0.3722362811273165,20% OTM,180,5,22,2
20% OTM/180/7,0.12781985400413975,0.4709468484262552,0.4880774852050752,-0.3433836530309128,0.3722362811273165,20% OTM,180,7,22,2
20% OTM/180/10,-0.0038201472077710186,0.5172187349309457,0.24838527191300208,-0.39530281185871863,-0.009663850327319048,20% OTM,180,10,20,0
20% OTM/180/14,0.009772267591274364,0.5094748562293153,0.26957179387519786,-0.40964159470356265,0.023855652642759753,20% OTM,180,14,19,0
20% OTM/180/21,-0.10443176753378247,0.5744682946385067,0.0921614097423453,-0.5203048483655088,-0.20071265501723756,20% OTM,180,21,17,0
20% OTM/180/30,-0.0832134209650719,0.48202922126243486,0.058232706798524124,-0.5673750587492219,-0.1466638684268495,20% OTM,180,30,15,3
20% OTM/180/45,0.015959686466854084,0.4553621666010593,0.2590400891926286,-0.38584079003827354,0.041363398787543845,20% OTM,180,45,13,3
20% OTM/180/60,0.10421925124909448,0.8438523288290747,0.5350231189023472,-0.765194375974606,0.13619970888619434,20% OTM,180,60,19,0
20% OTM/210/3,0.07865115036071368,0.5003650900165578,0.3984148981025104,-0.3433836530309128,0.2290474507638638,20% OTM,210,3,21,0
20% OTM/210/5,0.11541087450625298,0.48404383512992505,0.4644452100826256,-0.3433836530309128,0.3360989187678751,20% OTM,210,5,21,2
20% OTM/210/7,0.11541087450625298,0.48404383512992505,0.4644452100826256,-0.3433836530309128,0.3360989187678751,20% OTM,210,7,21,2
20% OTM/210/10,-0.007705094984569616,0.5211223196782396,0.24276963615506014,-0.4079232808960258,-0.018888588480767642,20% OTM,210,10,20,0
20% OTM/210/14,0.08898098420385492,0.5319858799799031,0.421973312481632,-0.42111503117219884,0.21129852324713044,20% OTM,210,14,19,0
20% OTM/210/21,0.06103569851189539,0.5092467857525672,0.36818253942390156,-0.38171841919160365,0.1598971792903148,20% OTM,210,21,17,0
20% OTM/210/30,-0.07254078433672473,0.5371383155460254,0.12514367556203426,-0.5673750587492219,-0.12785331892565185,20% OTM,210,30,14,3
20% OTM/210/45,0.012660767968373898,0.40079129513188033,0.2301512612388483,-0.38584079003827354,0.03281345128678077,20% OTM,210,45,13,3
20% OTM/210/60,-0.22860923335197225,0.9381384162384447,0.1917307555868478,-0.7944172659762032,-0.28776971894115433,20% OTM,210,60,17,0
20% OTM/240/3,0.07865115036071368,0.5003650900165578,0.3984148981025104,-0.3433836530309128,0.2290474507638638,20% OTM,240,3,21,0
20% OTM/240/5,0.11265899800067425,0.4822335321383633,0.4592203491090348,-0.3433836530309128,0.3280849190294223,20% OTM,240,5,21,2
20% OTM/240/7,0.11265899800067425,0.4822335321383633,0.4592203491090348,-0.3433836530309128,0.3280849190294223,20% OTM,240,7,21,2
20% OTM/240/10,-0.0020868698389228113,0.5192184986332145,0.2527156664663171,-0.4079232808960258,-0.005115839023305774,20% OTM,240,10,20,0
20% OTM/240/14,0.09331070143220921,0.5310500870985417,0.429309465558348,-0.42111503117219884,0.22158007794799747,20% OTM,240,14,19,0
20% OTM/240/21,-0.017307638163131855,0.5695964798083166,0.2531505966024217,-0.44455005568597095,-0.038932934417081545,20% OTM,240,21,17,0
20% OTM/240/30,-0.07254078433672473,0.5371383155460254,0.12514367556203426,-0.5673750587492219,-0.12785331892565185,20% OTM,240,30,14,3
20% OTM/240/45,0.012660767968373898,0.40079129513188033,0.2301512612388483,-0.38584079003827354,0.03281345128678077,20% OTM,240,45,13,3
20% OTM/240/60,-0.2220991024928901,0.9515132122977109,0.210955947315318,-0.7875635831806379,-0.2820078368732151,20% OTM,240,60,17,0
20% OTM/270/3,0.07865115036071368,0.5003650900165578,0.3984148981025104,-0.3433836530309128,0.2290474507638638,20% OTM,270,3,21,0
20% OTM/270/5,0.11265899800067425,0.4822335321383633,0.4592203491090348,-0.3433836530309128,0.3280849190294223,20% OTM,270,5,21,2
20% OTM/270/7,0.11265899800067425,0.4822335321383633,0.4592203491090348,-0.3433836530309128,0.3280849190294223,20% OTM,270,7,21,2
20% OTM/270/10,-0.0020868698389228113,0.5192184986332145,0.2527156664663171,-0.4079232808960258,-0.005115839023305774,20% OTM,270,10,20,0
20% OTM/270/14,-0.0422486608198922,0.5768921093633009,0.2096965459463262,-0.5309572132408784,-0.07957074462179936,20% OTM,270,14,19,0
20% OTM/270/21,-0.004210985341740359,0.54909385048887,0.26636230287551926,-0.44455005568597095,-0.009472466121374166,20% OTM,270,21,16,0
20% OTM/270/30,-0.07636407436750114,0.5086327415904794,0.0954168924041891,-0.5673750587492219,-0.13459187743614554,20% OTM,270,30,13,3
20% OTM/270/45,0.015263274867661103,0.38739979774375144,0.23185335847206437,-0.38584079003827354,0.039558479201089805,20% OTM,270,45,13,3
20% OTM/270/60,-0.2220991024928901,0.9515132122977109,0.210955947315318,-0.7875635831806379,-0.2820078368732151,20% OTM,270,60,17,0
